# 3D point list with one line of data per point:
#   POINT3D_ID, X, Y, Z, R, G, B, ERROR, TRACK[] as (IMAGE_ID, POINT2D_IDX)
# Number of points: 1222, mean track length: 5.0883797054009818
1 3.2993099133748065 -6.4231288337498702 22.538226870010345 159 162 175 0.45812925885849021 10 86 18 39 6 97 9 109
2 3.9111870808496105 -6.3783190939363035 22.519452051994687 19 34 64 0.30267668625775068 10 95 18 41 9 118 7 135
3 3.911326278653743 -6.3783871722001972 22.519863780187798 19 34 64 0.2493533556159846 10 94 18 42 8 160 7 134 9 117
4 3.6395668424924406 -6.3820759358583103 22.549842163919273 48 64 89 0.45409477210859023 10 93 18 43 6 108 7 137 8 159 19 362
5 3.6387417806650655 -6.3828614686531031 22.544699736813527 48 64 89 0.27862734180402543 10 92 18 44 6 107 7 136 8 158
6 3.6734609134368612 -6.3631887399142579 22.543677596624207 124 140 163 0.45165140367896861 10 102 18 47 8 168 7 141 9 126 11 429 19 45 23 51
7 3.8568591763479163 -6.3504003565602343 22.536894979726387 40 53 76 0.17373470296895552 18 53 9 134
9 4.3001924129315334 -5.3236699088716897 22.667224400085914 105 117 132 0.14902582021190119 10 143 18 83 9 180 7 189 8 239
10 3.3526686715523595 -4.8010434013902428 22.665508763246653 27 46 99 0.44593645058706977 10 158 18 96 6 699 7 207 8 266 9 1038 11 99 19 388 20 38 12 298 17 38
13 3.092117499256783 -4.6415315301722107 22.681308719198366 42 85 140 0.43214584369731412 10 170 18 111 11 108 19 117 20 44
14 3.0811243451087593 -4.57025486222288 22.679761390387018 24 92 173 0.68080494954865256 10 177 18 119 19 124 20 46 12 37
15 3.3752117193649602 -4.5199714313124932 22.681878321165069 76 134 215 0.74586834722341511 10 181 18 121 8 302 9 230 19 128 17 46
16 3.5069667365163379 -4.5278849391874623 22.725496355332574 84 140 219 0.42872424854635632 10 182 18 122 8 303 9 231 11 110 19 127 20 48
17 3.1359439282785475 -4.4678491289357929 22.681192111036417 0 76 197 0.85310373674846052 10 795 18 123 6 148 7 239 8 306 9 237 11 116 12 39 17 48
19 3.774147415272278 -1.7170719335477136 22.930361248711119 38 109 157 0.35388107103057231 10 821 18 148 6 204 7 966 8 367 9 306 11 142 19 431 23 159
20 3.4322857965630926 -1.4554088776194514 22.940509372859726 41 101 179 0.24665112206599019 10 242 18 150 6 212 8 371 9 313 11 146 12 68 17 70
21 3.3697959531789179 -1.1398967477345747 22.916062748247242 53 112 198 0.63550693845286954 10 265 18 157 6 230 7 332 8 391 9 340 11 158 19 163 12 84 20 186
22 3.7540504591385342 -1.0581013099538488 22.860748832860505 42 131 198 0.66945097715267021 10 268 18 159 9 344 11 161
23 3.4003286204469005 -0.62627019487610525 22.993522507098156 19 17 29 0.74162132959823168 10 835 18 162 6 245 7 341 8 404 9 352 11 166 5 559 19 636 20 456 12 528 23 176 17 85 22 319
24 3.5466292775340125 0.7412104024970575 23.085096722086906 0 116 230 0.5673901855938791 10 307 18 163 6 287 7 381 8 444 12 103
25 3.3607396524379416 1.6662864647871445 23.108365368480314 158 176 202 0.37987449786512406 10 331 18 171 6 313 7 411 8 471 9 437 11 221 5 174 19 184 12 111 17 95
26 3.3608983508056736 1.6670926428410928 23.108029176408145 158 176 202 0.34921726947558768 10 332 18 172 6 314 7 412 8 472 9 438 11 222 5 173 19 183 17 96
27 3.3610955814589079 1.7339691408631197 23.102998304452164 161 182 214 0.28068902151849734 10 342 18 173 6 318 7 417 8 478 9 442 11 225 5 175 19 185 12 116 17 98
28 3.3610433417949572 1.733987820205839 23.103767390381567 161 182 214 0.29692305808604391 10 343 18 174 6 317 7 418 8 479 9 443 11 226 5 176 19 186 17 97
29 3.4715071285826475 1.7905290139395815 23.114417234662366 166 186 207 0.39874670669803564 10 350 18 175 6 320 7 421 8 485 9 450 11 231 19 187 12 344 23 206 24 325
30 3.4715071285826475 1.7905290139395815 23.114417234662366 166 186 207 0.39874670669803564 10 349 18 176 6 321 7 422 8 486 9 449 11 230 19 188 12 345 23 207 24 326
31 3.1970639191092065 -6.4752575559859498 22.518784888878322 176 173 181 0.26138978469443302 10 1173 18 296 6 1114 7 873 8 1016 9 976 19 353 23 356 17 164
32 3.1973301557856075 -6.473842144075963 22.512100452696625 176 173 181 0.32175540667462621 10 1172 18 297 6 1113 7 874 8 1015 9 975 19 354 12 282 23 357
33 3.1739125927304124 -4.7853134864615896 22.693208172920521 22 55 95 0.91925280995729952 10 771 18 352 6 1149 12 497
34 3.4589666477053962 -4.3781126443623917 22.651241421208244 3 90 212 0.69547780832541972 10 189 18 372 6 153 7 245 9 244 11 458 19 410 20 170 12 41
35 3.1367501086746588 -2.5797827617302054 22.869930161937347 31 59 67 0.58598582608205285 10 808 18 385 6 176 7 278 8 336 9 277 11 472 19 426 12 317 17 209
36 3.2900197374533686 -2.4797632919333967 22.835582413995127 133 60 73 0.51233344177119766 10 813 18 386 6 734 7 962 8 1097 9 1084 11 476 12 53 23 444
38 3.6158418158964967 -1.3924611125590645 22.929609457263659 70 161 250 0.20347018733019281 10 252 18 393 6 746 7 972 11 494 19 155
39 3.6214973833924731 -0.71118267476075714 23.202630076057492 19 24 36 1.9281792329741083 10 272 18 396 8 402
41 3.3476852896373162 -0.18481525646855834 22.996874859734554 155 111 124 0.32526653084500057 10 288 18 399 11 185 19 439 12 95
42 3.5079151566977749 0.56868395247493586 23.045141797463543 93 203 255 0.39424419757282558 10 850 18 401 8 1123 6 285 9 1110 11 502 19 440 12 337 23 470
44 4.0557747021411288 7.5854244687758658 21.963537300469724 94 83 91 0.30139486991712217 10 947 18 449 6 882 7 1090 8 1218 9 628 11 580 5 268 19 503
45 3.8769832139107931 7.7981733775058748 21.519145647601764 131 121 121 0.20176801708980271 10 528 18 462 6 461 7 591 9 672 11 347 19 514
46 3.1607786369570121 -6.3822187720635544 22.514284532582028 167 166 169 0.65063738116549485 10 1182 18 514 8 1555 7 1376 9 1444 19 577 12 474 20 426 23 359 17 167 22 280 21 263
47 2.9961995677500752 -1.4886897250586602 22.886198030237829 52 60 72 0.37916943782142304 10 1218 18 563 6 1170 7 1418 8 1598 9 1092 11 757 5 929 19 631 12 522 23 454 17 220
48 2.9971418880864698 -1.4895624472644329 22.901381582427888 52 60 72 0.18058619076251289 10 1219 18 564 9 1093 7 1419 17 221
49 3.6590856193845109 -1.3511297488903093 22.925623032821861 0 80 165 0.22347246270405799 10 1220 18 567 6 1171 7 1420 8 1600 9 1483 11 759 19 634 12 525 23 457
50 3.6812496733718731 -0.6345961300184062 22.930435009465619 30 30 38 0.71344395311337871 10 836 18 569 6 758 7 980 8 1114 9 1102 11 498 19 810 12 529 23 685
51 3.3510105770323646 -0.24640941661835664 22.995833799881058 221 186 203 0.4061473473243874 10 1472 18 571 8 1605 9 1488 11 762 7 1424 5 933 19 639 20 461 19 817 17 353 24 537 23 691
52 3.3880827753285394 -0.14709787587048234 22.987886264579146 212 194 211 0.27362157404478366 10 1229 18 573 11 764 19 642 17 356
53 3.5724025500771921 0.85668330061321996 23.059188002253201 0 119 229 0.4392563785575006 10 1238 18 576 6 1179 7 1432 11 506 5 939 19 646 20 198 17 358
54 3.9795361584917219 1.104352041690235 23.172825690318493 9 16 28 0.39470546861984568 10 1241 18 582 11 772 7 1436 19 649
55 4.0351038151574423 1.856270324699868 23.143449173280192 31 39 51 0.41092223201504413 10 1486 18 586 6 1440 7 1701 8 1907 9 1792 11 1030 19 652 19 831 20 206
56 3.802514692546227 7.6039052342352536 21.987340413872783 74 62 72 0.26107457034357939 10 1277 18 615 6 1222 7 1475 8 1643 9 1526 11 821 5 977
57 4.0726292481431718 7.7533516503996633 22.04756016706397 14 0 40 0.42502112464820607 10 1538 18 618 9 1849
58 3.428958119929125 -4.7404819319031342 22.662164983714884 0 83 204 0.39390952688828879 10 1442 18 698 6 1402 7 1658 9 1758 11 984 20 300 23 635
59 3.0362039850009062 -2.4239952332380987 22.831153882405225 147 84 90 0.45467647912845865 10 1458 18 712 6 1416 7 1672 8 1879 9 1770 11 996 5 1148 19 796 20 588 12 699 23 855 17 469 22 478 24 698 21 374
60 3.4385991016061723 -0.59324753698304467 22.977452748647579 201 175 183 0.42235054574211905 10 1467 18 719 6 1424 7 1681 8 1601 11 761 19 812 20 457 12 705 23 464 17 350 22 487 21 382
61 3.6442699918644061 -0.60116211576952161 22.988076920141143 199 186 188 0.50909774781266659 10 1468 18 720 6 1425 7 1682 8 1890 9 1779 11 1003 19 811 20 594 12 706 23 686 17 475 22 671 21 383
62 3.384960293906309 -0.34034360846697076 22.998404763036685 182 91 75 0.49714340357688391 10 1470 18 722 11 1189 19 953 20 459 12 890 23 870 17 595
63 3.5497071063076162 -0.33305962592546512 22.996959521172656 148 116 152 0.2167611192707268 10 1471 18 723 6 1427 7 1685 8 1892 9 1781 11 1005 19 814 20 316 12 709 23 689 17 477 22 321
64 3.7428083035560786 -0.26430951736187469 23.011179350212423 195 182 228 0.32996931253335388 10 1473 18 725 6 1429 7 1686 8 1893 9 1783 11 1008 19 816 12 531 23 692
65 3.5460756775831119 -0.24374687108712423 22.976714808959784 154 182 240 0.38254345895279052 10 1707 18 726 9 1782 7 1887 11 1009 19 818 23 871 17 478
66 3.5718012920341522 0.92294021319731312 23.075405251346474 111 199 255 0.22624142570337336 10 1239 18 735 6 1181 7 1433 8 1612 9 1498 11 1020 19 827 23 699 17 486 24 543
67 3.418348434630837 1.6999811303169996 23.137203563497437 164 187 226 0.58386570451661979 10 1245 18 738 6 1186 7 1440 8 1136 9 1119 11 775 5 943 19 830 11 1025 20 601 12 543 23 481 23 881 17 361 22 679 24 546 21 490
68 3.4213998141207531 1.6990161213946842 23.125024547367861 164 187 226 0.33658203714025198 10 1244 18 739 6 1185 7 1439 8 1135 9 1118 11 776 5 944 12 544 23 482 17 360 24 547
69 3.1393518596826149 1.8546530699856234 23.126957206570832 150 82 84 0.41401971617901356 10 1484 18 742 6 1438 7 1696 11 1027 5 1166 19 958 12 722 17 487 13 402
70 3.1356804169326606 1.8543402839409138 23.11096561870502 150 82 84 0.44868719398180157 10 1483 18 743 6 1439 7 1697 8 1904 9 1790 11 1028 5 1167 19 959 20 603 23 883 17 488
71 3.1588676343359881 2.9047662585420957 23.184069891279105 144 77 65 0.40521046024511953 10 1492 18 749 6 1444 8 1916 9 1804 11 1038 5 1171 12 727 17 493 13 404
72 3.1586047319955708 2.9049193612269009 23.185638268866075 144 77 65 0.42616773356600246 10 1493 18 750 6 1445 7 1706 8 1915 9 1803 11 1039 5 1172 19 833 17 492 24 554
73 3.6645644304350427 7.8248496586971523 21.428168229774528 31 20 30 0.49765520670649188 10 1540 18 789 12 776
74 3.177566000230867 -2.5385257645696404 22.807394893337495 78 123 105 0.52465256282648043 10 1695 18 853 8 2120 11 1179 19 944 20 587 12 882 23 1051 17 467 22 663 21 480
75 3.5666256067534037 -2.1041499264093515 22.861664107670105 177 174 86 0.71606274968155581 10 1463 18 857 6 1418 7 1674 8 2121 9 2022 11 1184 19 803 20 722 23 1054 17 472
76 4.021156746410619 -2.0173755702575109 22.970003799408353 14 26 40 1.8004680905958057 10 1464 18 859 6 1756 7 1878 8 2122 11 1368 19 1082 23 1056
77 3.5608636778852141 -1.361757418493857 22.919599733319401 0 92 184 0.23018948105800488 10 1465 18 862 6 1421 8 2127 9 1777 11 1001 19 808 20 453 12 703 23 865 17 474 22 485
78 3.5612795015733751 -1.361483414860569 22.919597712022398 0 92 184 0.25024861060266462 10 1466 18 863 6 1422 8 2126 9 1778 19 809 20 454 23 864 22 484
79 3.8388449858585894 -0.096432797779225532 23.022356456792327 191 122 109 0.39407328329644453 10 1709 18 865 8 2328 9 2033 11 1192 7 1688 19 1088 23 1061 22 675
80 3.6110225916698697 2.7120243117179648 23.180821627589847 148 201 255 0.41237479570125762 10 1490 18 871 6 1443 7 1703 8 1911 9 1798 11 1035 5 1170 19 963 12 899 23 886 17 602 24 712
81 3.7092295071236916 3.0410604149726725 23.219622235609108 151 200 255 0.31471917728850296 10 1719 18 880 11 1041 19 974 12 906 23 899 17 607 24 727 8 1920
82 3.6219720222039009 3.0653847201640865 23.217587998652562 154 200 255 0.18094596288471707 10 1720 18 881 19 975 12 907 17 609 22 684 24 726
83 3.8078744046452302 7.4895256551218665 22.14480803666746 87 76 88 1.0036039836335651 10 1749 18 914 6 1621 7 1924 8 2163 9 2066 11 1230 12 763 20 504 22 853 23 1273 24 911
84 4.3647713744380514 -4.5974952547269572 22.694732292808634 75 103 152 0.21637449700110062 10 1946 18 971 8 2306 7 2053
85 3.4703332262571123 -3.4869727082756996 22.762178697403687 56 52 53 0.3150017985775016 10 1954 18 978 6 1951 7 2281 8 2313 9 2228 11 1359 19 1078 20 713 12 1006 23 1243 17 693 22 659 21 604
86 3.376291030657002 -2.131257483566297 22.956646798240183 0 125 94 1.9185788317446075 10 1700 18 984 22 666 21 481
89 3.2614341856084326 -0.077019073213634867 22.986344921665527 192 102 90 0.36852628086235567 10 1708 18 988 6 1762 7 2072 8 2131 9 1786 11 1191 5 1330 19 1089 17 596
90 3.8816354704906257 0.9605385367731627 22.997974385765325 2 20 42 0.83397301595164819 10 1713 18 990 6 1591 7 1889 8 2133 9 2034 11 1193 19 1092 23 878
91 3.2190959390651224 2.9995396759656594 23.19417472899519 19 23 27 0.57145812358247094 10 1977 18 993 6 1763 7 2078 8 2329 9 2249 11 1379 5 1507 19 1093 20 731 12 1026 17 707 24 898 21 498
92 3.8428411687527979 1.6199202590788628 23.079290414475157 48 64 86 0.84579950091749756 10 2539 18 1103 8 2580 7 2531 9 2779 11 1618
93 3.1729975288214041 1.7281639366941695 23.089085229413691 16 21 29 0.71177069485899902 10 2286 18 1104 6 1967 7 2299 8 2581 9 2520 11 1619 5 1685 19 1198 20 881 12 1199 23 1251 17 818 22 837 21 616
94 4.0102608508917719 1.7325786813561195 23.14048222557523 10 18 30 0.23767223449318528 10 2287 18 1105 6 1968 7 2300 8 2582 9 2521 11 1620 19 1199 20 882 23 1252
95 3.6627158113770646 -3.7678633519350417 22.765156447814842 126 170 229 0.28510201839181648 10 2516 18 1220 6 2154 7 2495 8 2786 9 2747 11 1823 19 1336 20 1039
96 3.6627158113770646 -3.7678633519350417 22.765156447814842 126 170 229 0.28510201839181648 10 2517 18 1221 6 2155 7 2496 8 2787 9 2748 11 1824 19 1337 20 1040
97 3.2636868393945058 -3.7552551564387997 22.731465600391275 127 165 229 0.41354891947732769 10 2514 18 1222 6 2153 7 2494 8 2785 9 2746 11 1822 19 1338 20 1041 12 1383 23 1560
98 3.2743134364845821 -3.2244465327580927 22.768064217752574 133 168 231 0.42679717118413646 10 2522 18 1226 6 2162 7 2504 8 2795 9 2755 11 1836 19 1342 20 1050 12 1387 23 1564 17 945 22 1292 21 1062
99 3.6832796299300887 -3.2381694138369599 22.801458459537997 129 167 230 0.27937287007700295 10 2523 18 1228 6 2164 7 2506 8 2796 9 2756 11 1837 19 1343 20 1049
100 3.7060762664947009 -1.4645761296888637 22.924037644265713 111 167 250 0.44135285380770994 10 2535 18 1242 6 2182 7 2525 8 2817 11 1613 20 1066 22 1025
101 3.3365133288275959 -1.1252577910343622 22.909992988480443 99 161 243 0.44934506211834224 10 2536 18 1247 6 2184 7 2528 8 2576 9 2777 11 1859 19 1358 12 1406 23 1929 17 955
102 3.3364591466086337 -1.124817028106921 22.907022250268259 99 161 243 0.45806404202963485 10 2537 18 1248 6 2185 7 2529 8 2577 9 2778 11 1860 19 1359 12 1407 23 1930
103 4.0468719876640096 2.0052893366068187 23.169177552808979 9 17 27 0.51219682563222491 10 2540 18 1256 6 2190 7 2532 8 2821 9 2958 11 1863 19 1366 20 1077 23 1937
104 3.8566986195743027 2.0332566100992344 23.187517557569976 52 66 89 0.71042394540358289 10 2542 18 1257 11 1623 7 2303 8 2583 19 1367 20 1078 23 1254 23 1935
105 3.6267826750376249 2.8938973988608638 23.208660173109184 95 147 208 0.37958912792495558 10 2543 18 1261 6 1973 7 2535 8 2824 9 2781 11 1864 5 1883 19 1370 20 1080 12 1421 23 1573 17 970 22 1030 24 1254
106 3.5287461562832858 -2.4288667513079165 22.855733129977455 0 80 247 0.29398565035426583 10 2703 18 1353 6 2313 7 2686 8 2971 9 2949 11 2028 19 1480 20 1060 23 1927
107 3.6984644848897203 -1.1493705282975721 22.954355047504368 121 186 255 0.24547942914248341 10 2709 18 1363 6 2318 7 2691 8 2980 9 2952 11 1861 19 1492 20 1262 23 1931 22 1581
108 3.6991958624266728 -1.1494863197863527 22.95374260566135 121 186 255 0.17515171424522849 10 2710 18 1364 6 2319 7 2692 8 2981 9 2953 11 1862 19 1493 20 1263 23 1932
109 4.054288352692641 2.8264609548935584 23.203686280461255 9 17 31 0.33542332434491751 10 2713 18 1375 6 2325 7 2695 8 2984 9 2959 11 2035 19 1505 23 2218
110 3.2459398503042589 -2.3914692789972372 22.808733601989147 40 127 92 0.38268961800188128 10 2897 18 1479 11 2138 19 1610 20 1392 23 2431 22 1767
111 3.4357531600065778 -4.5608172015827924 22.682790943577551 106 162 243 0.23926524316795536 10 2962 18 1532 6 2548 7 2931 8 3230 9 3204 11 2201 19 1678 20 1539
112 3.4357531600065778 -4.5608172015827924 22.682790943577551 106 162 243 0.23926524316795536 10 2963 18 1533 6 2549 7 2932 8 3231 9 3205 11 2202 19 1679 20 1540
113 3.4428393795073391 -4.0519473831024078 22.752401484267917 37 46 60 0.49744311526009022 10 2894 18 1537 6 2489 7 2861 8 3168 9 3131 11 2205 19 1683 20 1479
114 3.5305136200649732 -1.8552545040027095 22.874414447840124 22 31 45 0.45103066465172748 10 2901 18 1547 6 2496 7 2869 8 3176 11 2143 19 1697 23 2432
115 3.5998813994012941 2.3543569048679354 23.182857240433364 14 17 28 0.49160184975428117 10 2905 18 1562 6 2501 7 2873 8 3181 9 3142 11 2220 19 1703 20 1497 12 1764 23 2435 22 1768
116 3.8031819592167988 1.3017459735210914 23.130893988233009 18 21 36 0.55047099319696957 10 2975 18 1599 6 2561 7 2944 8 3241 9 3221 11 2266 20 1557 23 2634
117 3.5000571661207567 1.8053907653365522 23.193187605432833 156 177 198 1.3571120086817083 10 2976 18 1601 6 2562 7 2945 8 3242 9 3222 11 2267 19 1749 20 1558 12 1803
118 3.5083918464498134 -1.3632181488742816 22.916244451333956 65 136 228 0.42332405896243447 10 3013 18 1632 6 2596 7 2988 8 3275 9 3252 11 2301 19 1774 20 1592 23 2628 22 1963
119 3.5610896500718838 -0.31225028278454203 23.000057882799993 147 120 158 0.29136316600508427 10 3017 18 1634 6 2600 7 2991 8 3278 9 3255 11 2304
120 3.5782543704774339 0.75900348578652632 23.036509626339821 98 188 255 0.26057591311425388 10 3018 18 1635 6 2601 7 2992 8 3280 9 3257 11 2305 19 1778 20 1597
121 3.022638977993882 1.2334765141712885 23.087515976549522 18 21 32 1.0166339082079652 10 3045 18 1658 6 2639 7 3033 8 3312 9 3294 11 2331 19 1804 20 1628 12 1872 23 2687 22 2018
122 3.0435717113217886 2.3681324514831554 23.185858118418391 16 17 26 1.1172811807328946 10 3046 18 1659 6 2640 7 3034 8 3313 9 3295 11 2332 5 2303 19 1805 20 1629 12 1873 23 2688 22 2019
123 3.0802437509859795 3.4638679300563799 23.236944607034232 15 16 25 1.2071240507754017 10 3047 18 1660 6 2641 7 3035 8 3314 9 3296 11 2333 5 2304 19 1806 20 1630 12 1874 23 2691 22 2022
132 3.6183493574340275 -6.4432798727185583 22.519554140284797 116 145 182 0.36723268197763953 10 80 6 91 7 127 8 146 9 107 11 53
133 3.5859596799183908 -6.4384509063614779 22.546964807212895 32 58 87 0.49574816921414766 10 84 6 94 11 57 19 31
134 3.1418876577208565 -6.3476962059345325 22.520242203143873 140 160 183 0.17544405130780619 10 748 6 110 7 148 8 179 9 131 17 28 19 48
135 3.2572304691992082 -6.3458057606821274 22.521881333770363 119 143 174 0.17761336105052589 10 104 6 112 7 149 8 180 9 132
136 3.352662111456715 -6.351189053760395 22.553085792090712 130 154 187 0.180382250958146 10 105 6 114 7 150 8 181 9 135 23 49
137 3.352662111456715 -6.351189053760395 22.553085792090712 130 154 187 0.180382250958146 10 106 6 115 7 151 8 182 9 136 23 50
138 3.3957430812512364 -5.9148405943801405 22.595903439994636 52 39 62 0.17592597251300565 10 114 6 129 7 897
139 3.5275064955758806 -3.3703305354769042 22.394985386569221 185 191 143 1.284151620562203 10 202 6 163 7 258 9 262
140 3.2527740803563496 -2.4720050813114902 22.872886993621599 114 132 115 0.82543490608224002 10 812 6 183 8 344 9 283 11 478 12 322
141 2.9814280856617632 -2.4076078739854889 22.828581930373378 41 17 30 0.59601450922911237 10 222 6 184 11 479 12 323
142 3.9674355294345642 -2.0518186785691475 22.857521593657449 43 61 85 0.30597813191408302 10 229 6 198 7 1415 8 358
143 3.7478228076261222 -1.7528792609293391 22.923871892877145 0 21 71 0.36810425239377792 10 233 6 203 7 302 8 365 9 304 11 140
144 3.0859220587620633 -1.4175875745516675 22.887015357299305 37 46 62 0.4631952425400005 10 244 6 209 7 310 8 373 9 321
145 3.3581120513578617 -1.4523111529964725 22.925320201316559 45 104 189 0.3208813938874448 10 241 6 210 7 308 8 369 9 311 12 67
146 3.3658851213530325 -1.3886487037024395 22.912248865702789 41 106 192 0.11701975493813151 10 249 6 215 9 324 7 312
147 3.4274346199614349 -1.3296282866345941 22.948139189402543 45 106 202 0.30159406749523743 10 254 6 217 7 319 8 379 9 328 17 78 19 157
148 3.4274346199614349 -1.3296282866345941 22.948139189402543 45 106 202 0.30159406749523743 10 255 6 218 7 318 8 380 9 329 17 77 19 156
149 3.0885487990300668 -1.2876737727300083 22.924979490179201 48 57 73 0.25511454144081441 10 257 6 222 7 322 9 331
150 3.5109699802845022 -0.48829961914493736 22.969969638037522 237 184 198 0.27668979056191606 10 277 6 248 7 347 8 411 9 355 11 500
151 3.4753836432359937 -0.42127779996093551 22.909971130613823 232 192 207 0.83430493181401355 10 279 6 252 7 350
152 3.2922061647833636 0.55791888832999315 23.072157105004244 6 122 209 0.61697770024484744 10 304 6 280 8 438 9 395
153 3.2204675288802891 1.6689221288130762 23.131969948269159 1 13 28 0.54142358300049875 10 859 6 312 7 407 8 1133 9 436 11 513 5 942 12 542
154 4.1082428730325402 1.5715590302948339 23.077206126062787 8 21 42 0.2121796724228231 10 330 6 315 7 414 8 473 11 217
155 3.9516435924979896 1.6497677619943605 23.090032181032118 2 21 35 0.32313896665900682 10 862 6 316 7 1005 8 1137 9 1120 11 514
156 3.5460936691542306 1.7913360930540987 23.148734956227489 184 207 249 0.24423790717249577 10 351 6 323 7 423 9 452 11 232
157 3.5528071723266983 2.6881757480073891 23.177402297767198 114 175 246 0.30593008459764182 10 361 6 334 9 463 11 243
158 3.5041390929921965 2.7875537371910895 23.22218824370071 144 208 255 0.4591603172712021 10 875 6 341 7 440 8 507 9 1133 11 524 5 185
159 3.1636682289450797 2.9701942920440851 23.211319100883603 13 0 0 0.15407388325313698 10 376 6 343 7 448
160 3.4657890723605012 3.0359051047790788 23.185444927339535 79 136 203 0.16439159622345129 10 379 6 345 7 452 8 518 9 478 11 255 12 140
161 3.7691367035775207 3.028133495545366 23.191673940212013 75 130 197 0.3714447831404557 10 383 6 346 7 457 8 523 9 483 5 190
162 4.0177108832582684 3.0661603390844507 23.182617353228924 49 69 94 0.49950732857381097 10 889 6 351 7 1036 8 1158 9 1145 11 781 9 1502 12 366
163 3.6108253809975213 3.7444428541347965 23.258326724427878 155 208 255 0.20464495386154091 10 398 6 364 7 477 9 499 11 267 5 198 12 153
164 3.6626409957130526 3.744140464664556 23.289501795016989 145 203 254 0.26529707680090892 10 399 6 365 7 478 8 544 11 268 5 199
165 3.5345031976436516 3.8215789189931799 23.198998254866972 46 78 123 0.58705938369880684 10 402 6 366 8 549 9 504
166 3.4993683500178321 3.9131799186756022 23.272277694633967 36 65 105 0.22874315818338944 10 408 6 370 7 484 8 555 9 510 11 272 5 201
167 3.7831852405430677 3.9045762152873076 23.275312859998973 33 78 127 0.26132782332569277 10 410 6 371 7 1043 11 547
168 3.5700043240623605 4.1636602784595906 23.283892242889362 49 94 148 0.18938136309115394 10 417 6 377 9 525 11 278
169 3.8986291035514897 4.1099303346314278 23.26010722872897 158 198 245 0.10591824405364056 10 416 6 378 7 489 9 526
170 3.8163637312614269 4.2352167385372166 23.292379095348203 0 17 56 0.18175480122882839 10 419 6 381 7 491 8 561 9 527 11 553 5 210
171 2.730959660969237 6.768488041551799 23.859933180206024 78 66 60 0.28164954192637137 10 439 6 395 7 509 8 592 9 567
172 5.374701988869214 6.3656196804721326 23.469077469823951 69 62 61 0.46483649175917091 10 446 6 397 7 512 8 597 9 576
173 2.8534095658363454 6.9457481559914038 23.424217098767787 90 91 94 0.43692923845527681 10 449 6 398 7 513 8 598 9 578 11 569 5 231 12 393 4 172 3 175
174 -3.4572112363363297 7.8374694619738179 20.198594446237038 54 46 34 1.11650157582545 10 455 6 406 7 520 9 582
175 -3.6425815013918723 8.018172791717868 19.532385367731113 28 23 16 0.87379016679841115 10 478 6 413 7 539 8 616 9 607
176 -3.6709905685869106 8.1959761019666946 19.979907127918871 71 64 58 0.96124202554013638 10 483 6 416 7 1076 8 619 9 1180 11 345 5 250 4 197 3 203 1 172
177 -3.659243225823698 8.1843030732410309 19.946748033482717 71 64 58 0.9493242239268076 10 484 6 417 7 1077 9 1181 11 344 3 204
178 3.7393470117802012 7.5981351965351687 21.975211709451234 72 70 66 0.21483027924984258 10 482 6 442 11 326 5 266
179 4.8976825333377461 7.437963128025098 22.291293971807995 84 79 76 0.14461478784781293 10 938 6 443 7 570 8 651 9 624
180 4.8964287818998509 7.4342872117346719 22.279527322409024 84 79 76 0.14409272937314402 10 939 6 444 7 571 9 625
181 3.9513940869647848 7.5995388904143306 21.974944764365873 72 70 64 0.3946196200287122 10 945 6 447 11 578 19 684
182 3.9513940869647848 7.5995388904143306 21.974944764365873 72 70 64 0.3946196200287122 10 944 6 448 11 579 19 683
183 3.8002536424621907 7.8207304215631792 21.581311294401036 104 99 94 1.155127704048974 10 525 6 459 11 346
184 3.8772398393739866 7.8004308903063215 21.523697758483976 101 100 96 0.23237445647433902 10 529 6 462 7 592 9 673 11 348
185 4.6838435050766138 7.7846441682016136 21.5273882216032 85 83 79 0.19044475179264611 10 535 6 466 7 604 8 708 9 695 11 352
186 4.6838435050766138 7.7846441682016136 21.5273882216032 85 83 79 0.19044475179264611 10 536 6 467 7 605 8 709 9 696 11 351
187 4.0762661123375095 8.3601427746027568 20.375165441558458 29 24 21 0.20724775707362586 10 585 6 479 7 1117 8 1265 9 1243 5 303
188 4.0388599635123628 8.3655141121287482 20.328342344075249 107 102 97 0.083712656250358966 10 587 6 481 5 304
189 4.1211146543326711 8.8565012930210436 19.451940294882437 45 41 32 0.40057588815351181 10 592 6 499 7 680 8 807 9 789
190 4.5782723390560305 8.878343380121164 19.480354360660669 75 67 63 0.18197516920426648 10 600 6 523 8 830 9 804
214 3.2340288178331766 -6.3971550022340908 22.556701738455786 124 152 194 0.081020647564617645 10 741 6 675 9 983
215 3.5866922812481294 -6.365591362628499 22.550327440052641 142 171 208 0.35832411360643857 10 1184 6 677 7 881 9 987 11 431 23 363
216 3.4280189221108932 -6.3522114761996233 22.542705870716542 129 154 180 0.40954016468018439 10 749 6 679 7 884
218 3.5667813226941236 -4.4063440921098893 22.56614825126394 0 90 231 0.30218709164746621 10 187 6 708 9 242 7 244 8 309
219 3.4586740883882903 -3.5289706945956283 22.663781822742191 37 31 4 1.0944793758328395 10 200 6 716 9 1072 11 464 19 423 12 46
220 3.6998214722375149 -2.7593510272794344 22.969395766905532 173 80 98 1.1494469836728436 10 807 6 724 8 333 9 1078 11 470 19 624
221 3.6784119444762515 -1.7139911473847453 22.907809661055154 31 134 198 0.29600563046616829 10 235 6 738 7 303 8 366 9 305 23 158 19 152
222 3.8248639458232803 -1.6925688199874005 22.918544424927319 0 26 70 0.24669081042201055 10 822 6 739 7 967 9 1088 11 491
223 3.4641999269026194 -1.3599349067803803 22.90892517499919 126 192 255 0.31308360022236986 10 829 6 747 8 1107 9 1095 11 495 19 432 12 326 23 168 17 222
224 3.2201541998592673 -1.3170883792127197 22.901386768159238 0 29 53 0.38141827718501109 10 830 6 749 7 973 8 1108 9 1096 5 549 12 75 23 169
225 3.5246475318226849 -1.3400593625022224 22.914003525311262 0 85 189 0.1572031632553266 10 253 6 750 7 974 8 1109 9 330 11 497
226 3.3738151562802128 -0.14207982781909506 22.949690158016107 226 196 212 0.21660199613216857 10 842 6 769 7 357 8 418 9 370 5 564
227 3.3739717727640879 -0.14321170748872156 22.950945832305266 226 196 212 0.21954048678764065 10 843 6 770 8 419 9 371
228 3.9776075599946048 1.050116963852243 23.107262577156202 61 75 93 0.23174843038612203 10 318 6 782 7 392 8 456 9 414 11 208
229 3.9778760933600057 1.0516522336927852 23.13568739005774 61 75 93 0.34814132968650963 10 319 6 783 7 393 8 455 9 415 11 209 23 200
230 4.0756363976327679 1.0827141545381702 23.142854988665921 6 20 38 0.36451677674291527 10 854 6 784 7 999 11 507
231 4.0358921046595722 1.1205046593225094 23.135709323990604 55 69 85 0.10407207272134533 10 856 6 786 7 1001 8 1131
232 3.2140135047918323 1.4625522426700903 23.038039315866406 29 37 49 0.44405371685714057 10 325 6 789 7 403 8 467 9 429 5 572
233 3.2129104324033788 1.46526375248372 23.085053646247218 29 37 49 0.35323435754390692 10 326 6 790 7 404 8 466
234 3.940435474279075 1.5771829859507844 23.136445248288236 4 19 35 0.4132172560470378 10 858 6 791 7 410 11 512
235 4.0850658024988036 1.6529166708816594 23.126703987061358 7 19 35 0.27814351088080141 10 340 6 792 7 419 8 481 9 446 11 224
236 4.0866060678211946 1.658236992504875 23.183836028172731 7 19 35 0.18151586954551893 10 339 6 793 8 480 7 420 9 445
237 4.1151443401405432 1.6954455108595807 23.18723547098212 57 69 87 0.2123370816441629 10 344 6 794 7 1006 8 484 9 447 11 227
238 3.61177105575304 2.6763261254706894 23.179072954962859 141 203 255 0.20027935682903689 10 869 6 799 7 1018 8 1144 9 1124 11 520 5 578 12 347
239 3.7172711012092092 2.6987792539416087 23.178907204291178 141 208 255 0.28511752582230676 10 872 6 801 7 1021 9 1130 11 523 5 580 12 352
240 3.4272839824142594 2.798034399029357 23.24016068549901 143 206 255 0.18698169115796939 10 873 6 802 7 1025
241 3.4267327912349597 2.7904029355988054 23.184305599091175 143 206 255 0.2199864503681021 10 874 6 803 7 1024 12 355
242 3.836152536786225 2.8842807974272597 23.223087370861776 148 215 255 0.2094124656297828 10 878 6 811 7 1028 11 532 19 457
243 3.8192494267133399 2.938118504085458 23.224565601300871 81 142 208 0.18385215791923781 10 881 6 813 7 1029 8 514 9 475 5 590
244 3.8060955969611294 2.9918212790184642 23.216498179090348 156 215 255 0.17755318488741145 10 884 6 817 7 1031 8 1154 9 1137 11 538 5 591
245 3.5100585624196614 3.0730746877316339 23.198902189136628 154 211 255 0.31330922401431249 10 887 6 819 7 1032 8 1155 9 1140 11 540 5 593 19 464 18 421 12 362 17 242
246 3.7288592430933702 3.0716079827435001 23.225118042183986 157 211 255 0.28318041787325737 10 888 6 821 7 1035 8 1157 9 1144 11 541 5 191 19 463 20 217 23 244 24 161
247 3.4907901848868472 4.1036504451535674 23.150357499483668 33 89 149 0.80535669393101728 10 896 6 835 7 1045 9 524 11 794 5 207 6 373 19 842 18 764 20 347 12 564 17 507
248 3.9329570028140153 5.3752560966257406 23.342547381514255 2 17 39 0.33494221420048459 10 905 6 840 9 1159 8 1179 11 558
250 2.8799223446651943 6.9399399074753338 23.564651520577147 10 11 17 0.32669880865626488 10 925 6 852 8 1191 5 230 3 174
251 -3.5725632189549819 7.9908106312463483 20.428554384878421 93 84 75 1.0709569773997709 10 931 6 857 7 1068 8 1199 9 1173 11 323 5 624 4 183 1 159 2 177
252 -3.5434616969477055 7.9359328633753075 20.312455171672102 93 84 75 1.0773769070025736 10 932 6 858 11 324 5 623
253 -3.7588845083696256 8.0852946389825728 19.760813084504896 67 65 59 0.92702415874904609 10 941 6 864 7 1073 8 1202 9 1178 5 246 4 195 3 199
254 -3.7543729853482399 8.082319263679949 19.755128774416313 67 65 59 0.68752782286479119 10 940 6 865 7 1072 8 1201 9 1177 11 343 3 198 1 168 2 185
255 3.6025446650546469 7.4719510209381932 22.119050388056223 21 18 14 0.52603903129946561 10 937 6 871 5 635
256 3.6189175590119733 7.5988033478169781 21.965785132098649 25 24 19 0.38756759544519692 10 942 6 875 7 1085 8 1215 9 1187 11 576 5 639 12 404 24 379
257 5.2679421755199494 7.5688730638993142 22.079214631526799 80 75 74 0.19493249150398584 10 958 6 888 7 586 8 679 9 654
258 5.2701429404369646 7.5728647205375852 22.094992874182644 80 75 74 0.12736436761905653 10 957 6 889 7 587
259 4.7181737436381637 7.923592351533383 21.291650016341926 117 112 109 0.21919787418804038 10 1299 6 898 7 1107 9 1220
260 4.7181038322336679 7.9233622334762739 21.291431726911195 117 112 109 0.18843205550219963 10 1298 6 899 7 1106 8 1246 9 1219
261 4.725523522856621 7.9740610676859971 21.102898058059274 103 98 93 0.3070089615253348 10 980 6 903 9 1223
262 3.8433210637968025 8.3355506092361118 20.431935498523845 107 100 96 0.17276686884910947 10 1304 6 908 7 1112 8 753 9 1241 11 850 5 651
263 3.8762617663089221 8.3391393157445446 20.375340021422979 29 22 19 0.31617199891886477 10 1000 6 909 11 359 5 652
264 3.8456849597439233 8.3785721463223393 20.36042649101919 103 98 95 0.4359041748317995 10 1004 6 915 7 644 8 756 9 749 5 656
265 5.1364046043628901 8.6835157452089557 19.745227766624023 111 105 100 0.24482059288800839 10 1313 6 926 8 1286 9 1259
266 5.1364046043628901 8.6835157452089557 19.745227766624023 111 105 100 0.24482059288800839 10 1314 6 927 8 1287 9 1260
293 3.4540659246071508 -6.4022696973336117 22.528040998596563 37 61 94 0.28295581436265993 10 1180 6 1115 7 1374 8 1553 9 1442 23 360 19 573
294 3.4527777930145422 -6.3981171539468207 22.514621969105551 37 61 94 0.2110480010497624 10 1181 6 1116 7 1375 8 1554 9 1443 11 724 19 574
295 3.3434271532607367 -5.6578354410116711 22.576129138264225 123 173 241 0.32761787065186138 10 760 6 1130 7 1390 8 1047 9 1023 23 369
298 3.7825007680345974 -1.6118396084391016 22.914197988539321 0 116 197 0.58078167400884895 10 823 6 1168 7 1416 8 1103 9 307 11 492 19 630 23 453
299 3.2208744293021008 -1.2414393948871483 22.969070222815738 0 26 61 0.34250349856848006 10 831 6 1173 7 976 8 387 9 1097
300 4.0728726082752926 -0.22864173431887669 23.059272023721256 16 17 29 0.12000933605039377 10 1228 6 1174 7 1425 8 1606 9 1489
301 3.2222282170887975 0.6072652864274859 23.009818335833568 0 20 49 0.49980850723251086 10 1235 6 1176 7 992 8 1122 9 1112 11 504 5 568
302 3.5667838677289261 0.78556662312340486 23.05988579137432 99 201 255 0.26202606644568577 10 1236 6 1177 7 1430 8 1608 9 1495 11 768 5 937 12 535 17 484
303 3.5660715292473517 0.78635528408911526 23.049871898236404 99 201 255 0.27291936993415794 10 1237 6 1178 7 1431 8 1609 9 1496 11 769 5 938 12 536 23 475
304 4.0851388303202221 1.3698654426196202 23.129297772718619 10 21 42 0.79572129641231892 10 857 6 1184 7 1438 8 1613 9 1500 11 212
305 4.1122089752342745 1.880492257002631 23.217915284583704 11 20 39 0.85941087917971837 10 1246 6 1187 7 1441 8 1909
306 3.2485267441373429 3.1554641405512935 23.215109004627671 0 13 27 0.72744000689423438 10 386 6 1194 7 1445 8 1616 9 1143 11 782 5 1176 6 1449 19 658 18 755 20 335 12 551 17 611 24 343 21 400 13 300
307 3.5699296234963351 3.7304293790708942 23.270955846175681 11 57 109 0.47841488599020149 10 1249 6 1196 7 1041 8 1618 9 1505 11 783 5 597
308 3.6401977231870348 3.8970043492178941 23.281697575359331 28 77 135 0.2634985752769507 10 1253 6 1197 7 1450 8 1621 9 1811 8 1927 11 785 5 954 22 335 23 705 24 559
309 3.6397363775431368 3.8953636682226191 23.258190225032322 28 77 135 0.17657693589483325 10 1254 6 1198 18 595 7 1449 8 1620 11 786 5 953 19 661
310 3.4141001518439222 3.9443245715946111 23.257180689541478 29 79 129 0.34679215018422244 10 1255 6 1199 7 1451 8 1929 7 1716 9 1506 11 787 12 556
311 3.8170381180581701 3.9614701074484135 23.288572748563624 152 202 255 0.23789755446408895 10 895 6 1200 18 596 7 1452 8 1623 9 1153 11 789 5 955 19 662 20 340 12 558 23 502 17 368 22 337 24 351
312 3.4429686441873684 4.0371529898998526 23.258704951270179 40 91 146 0.35964139834234138 10 1257 6 1201 18 600 7 1453 8 1624 11 790 5 956 19 666 20 345 12 560 23 707 17 370 22 200 24 561
313 3.8443700954561875 4.0219562566667628 23.275213591880892 50 102 158 0.18372551911842208 10 1259 6 1204 18 598 7 1456 8 1626 9 1508 11 792 5 959 19 664 20 343 12 559 23 710 17 369 24 563
314 -3.6006398484911104 8.0137190517811199 19.805894603161189 35 30 23 0.95742025015538812 10 1271 6 1217 7 1468 8 1637 9 1518
315 -3.5688039137203917 7.9738386894481001 19.703908874037246 35 30 23 1.0011432561344769 10 1270 6 1218 9 1519
316 3.8027282087721073 7.606250868138333 21.995618389722772 70 66 62 0.30874830601462783 10 1278 6 1221 7 1474 8 1644 9 1527 11 820 5 976 19 857 18 614
317 5.2006857232711488 7.5483061131082447 22.105829140309517 65 60 59 0.26063626529871797 10 1281 6 1223 7 1482 9 1531
318 5.1930929339867626 7.5281296769513322 22.047929542558933 65 60 59 0.14106023472427939 10 1280 6 1224 9 1530
319 5.0469125478898533 8.2324906912487936 20.723799963888659 4 2 0 0.60824879417121525 10 1306 6 1231 7 1493
320 5.3968810844557433 8.3233273880434187 20.590848533044099 105 100 97 0.13571190545072753 10 1551 6 1233 7 1494 9 1857
321 4.5433556558687238 8.915858594342188 19.498126452509361 44 37 32 0.24202658643397532 10 1027 6 1244 7 1141
346 -4.1519625987611954 -3.9269017781826969 16.061112554879927 91 113 124 0.5369013370405622 10 1195 6 1397 2 127 1 120 3 126
348 3.0990119538400531 -2.4952767701856176 22.848836418471699 31 58 69 0.79304301980315506 10 1457 6 1415 7 1671 9 1769 11 995 19 795 18 854 20 446 12 695 23 675 17 468 22 476 21 373
349 3.8422664864546543 -0.5773347173352632 22.995441817401691 210 157 152 0.28260186826486994 10 1227 6 1426 8 1602
350 4.0346814586886834 -0.021257493391105144 23.091417592769581 51 53 67 0.34945540111593798 10 1478 6 1431 7 1689 8 1897 9 1787 11 1012 19 820 23 876
351 4.0923787900428259 1.1836434295430838 23.173003325060954 4 17 38 0.15142225736890741 10 1482 6 1435 9 1789 11 1024
352 4.0368264919627412 1.8634274348491164 23.183336323615478 39 50 68 0.15568785939869836 10 1487 6 1441 7 1700 8 1908 9 1793 11 1029
353 3.9768272094179813 1.9436854432886495 23.112781087243917 0 17 34 0.67485717048893024 10 1488 6 1442 7 1890 8 2136 9 2035 11 1032 23 884
354 3.435671879796923 2.8909642662780275 23.182935222012762 140 200 255 0.34893047839727154 10 1495 6 1446 7 1707 8 1918 9 1805 5 1174 12 728 23 896 24 722
355 3.4342643423126575 2.8921800088523386 23.190904181596885 140 200 255 0.28739604379285022 10 1496 6 1447 8 1917 9 1806 5 1173 12 729
356 3.4790303856940707 3.6927921917331954 23.233290340511402 161 196 238 0.46833452006027504 10 1722 6 1453 18 883 7 1710 8 1921 8 2140 9 1807 9 2038 11 1043 5 1179 19 976 20 608 12 732 23 901 17 497 22 686 24 730 21 499
357 3.701997077970888 3.8584337706081215 23.290239545037952 147 200 255 0.33707999425812274 10 1500 6 1454 7 1713 8 1925 11 1044 5 1182 12 736 24 558
358 3.1830257075089325 3.9542156285141963 23.25569738019529 165 93 96 0.2839766670469579 10 1501 6 1455 18 762 7 1715 8 1923 9 1809 11 1045 5 1184 12 738 13 409
359 3.183108677637307 3.9542015540181965 23.253575501485685 165 93 96 0.31403415756953634 10 1502 6 1456 18 761 8 1924 11 1046 9 1810 5 1183 19 984 17 503 13 410
360 3.6447495852086202 3.9727227086458083 23.259943573311695 152 167 219 0.42410315653977992 10 1505 6 1457 7 1717 8 1932 9 1815 11 1047 5 1185 19 839 12 739 24 560
362 3.8012017829440548 4.1936366064183694 23.326641929819239 160 205 252 0.7398142531586025 10 1508 6 1460 7 1718 8 1934 9 1818 11 1049 5 1188 12 913 20 740 23 910 17 619 22 690
363 3.4807380758674613 5.1173056342108456 23.336662737709798 3 13 42 0.10886087257821357 10 1513 6 1462 7 1719 5 1189 12 566
364 4.2496231901658854 5.6985554333998349 23.333039198927636 24 32 44 0.38602107987228479 10 1523 6 1474 8 1953 9 1837 11 1225 5 1202
365 -3.7072228136533933 8.0517507658739635 19.88901866213358 65 61 55 1.0987073617294456 10 1750 6 1477 8 2162 9 2065 11 1068 5 1209 3 893
366 -3.6012656126701574 8.0862563680827932 20.007217153378932 69 63 56 1.2008300883531147 10 1534 6 1478 7 1734 8 1959 9 1846 5 1211
367 -3.6194844393613224 8.1019527124388109 20.051143525521706 69 63 56 0.97963584046413865 10 1535 6 1479 7 1735 8 1958 9 1847 5 1210 4 909 3 719 1 586 2 669
368 4.4511167226988038 8.8196495597289903 19.453233415733678 43 36 31 0.29715548985439522 10 1558 6 1485 8 2180 9 2081 5 1221
385 3.0283625219268537 -5.5518243937973715 22.556394615740615 26 42 53 0.58407925022457707 10 1435 6 1566 12 868
386 3.5038416805542951 -0.16693234174774602 22.98426731201539 203 137 138 0.55760949400459769 10 1474 6 1588 8 1894 9 1784 11 1010 19 819 20 462 12 893 17 479
389 3.6985259200393039 2.7365577086650932 23.197682304045063 139 202 255 0.32084929762966036 10 1715 6 1595 7 1892 9 1799 11 1200 5 1335 19 967 12 902 23 889 24 717
390 3.6986091179128957 2.735190984754968 23.196785958162025 139 202 255 0.35072504947689753 10 1716 6 1596 7 1893 11 1199 5 1334 19 966 18 874 12 901 23 890 17 603 24 716
392 3.7653432388997872 2.8002002875677685 23.195286035742264 138 202 255 0.2554215764236149 10 1717 6 1600 7 1894 12 903
393 3.7897722134740373 2.8822395181836185 23.203730321248603 144 204 255 0.23914800719682186 10 1718 6 1601 7 1895 8 2138 9 2036 11 1202 12 904 23 897
394 3.3734375397813587 3.8192703273142627 23.243005821627904 154 196 244 0.41206619385923643 10 1725 6 1602 18 888 7 1897 8 2141 9 2039 11 1210 5 1340 19 982 20 734 12 912 23 904 17 615 22 687 24 902 21 501
395 3.6297936710633025 3.7802593924470167 23.243541276155753 144 201 255 0.3493304959400203 10 1726 6 1603 18 886 7 1898 8 2142 9 2040 11 1209 5 1341 19 980 12 911 23 905 17 613
396 3.9044524498966759 4.0703668173528555 23.291791225103708 157 206 255 0.36458115238097155 10 1507 6 1605 18 890 7 1900 8 1933 9 1817 11 1211 5 1342 19 986 12 741 23 908 22 513 24 737
397 3.8996962364948526 4.1754038853960678 23.244924982313545 0 13 42 0.73826115694773153 10 1728 6 1607 18 998 7 1901 8 2143 9 1819 11 1212 5 1343 19 1099 12 742 20 613 23 911 22 514 24 905
398 3.6682059876154991 5.2026182870195425 23.342973424144681 165 202 246 0.083712844215282495 10 1737 6 1614 7 1910 8 2151 8 2152
400 3.8532586900158234 5.1960423942519052 23.34963623350944 155 189 240 0.17566950673749379 10 1739 6 1616 11 1221 5 1352 12 925
401 3.8578486915398678 5.378689180003712 23.345063931653925 158 199 234 0.14103898566173817 10 1743 6 1619 7 1915 8 2158 9 2055 11 1224 19 999 18 901
402 3.9555564615870344 8.3676530153558755 20.368934050509431 65 60 55 0.2803394715025237 10 1761 6 1631 8 2175 9 2074 11 1243
403 3.9555564615870344 8.3676530153558755 20.368934050509431 65 60 55 0.2803394715025237 10 1762 6 1632 8 2176 9 2075 11 1244
404 4.5373404046107364 8.8448676071115955 19.480764444442688 106 96 92 0.14754240317583764 10 1767 6 1637 7 1751 8 2181 9 1868 5 1223
439 3.7490429968718528 -1.6939892179556861 22.902377107706261 0 97 194 0.43102749923638201 10 1966 6 1759 7 2067 8 2325 9 2025 11 1185 19 948 18 860 23 860
440 3.4752614378109046 3.8780799360620133 23.297113837892265 48 82 119 1.1631878567793019 10 1980 6 1765 18 995 7 2079 8 2330 9 2250 11 1384 23 1258 17 616 22 839 24 1025 21 618
441 3.5253108720825823 3.9897619788912349 23.268569551959406 151 183 231 0.45311387341608639 10 1982 6 1766 7 2081 8 2332 9 2251 11 1386 5 1510 12 1033 20 739 22 840
442 3.7570800285499857 3.9793230032531928 23.280536772173967 140 197 255 0.32322492966476757 10 1983 6 1767 18 997 7 2083 8 2333 9 2252 11 1388 5 1512 19 1098 20 736 12 1032 23 1260 22 842 24 903
443 3.7570650969897454 3.979051205132397 23.280692711675385 140 197 255 0.34504285569555915 10 1984 6 1768 18 996 7 2084 8 2334 9 2253 11 1389 5 1513 19 1097 20 737 23 1261 17 711 22 841 24 904
444 3.7605997909034761 5.1103507848948864 23.351563194055391 0 10 23 0.18511367484196006 10 1988 6 1771 7 2088 8 2338 5 1517
445 3.5761584248267777 5.2877202575121096 23.292861181674805 3 11 27 0.030782016000488348 10 1991 6 1774
446 3.7646711117442195 5.2924330790553045 23.351777534271125 2 11 30 0.20193260775948596 10 1993 6 1775 7 2093 8 2342 9 2260 5 1521
447 -3.5800677003299985 7.8865740337304757 20.497407188138475 89 80 67 0.7956848021974231 10 1994 6 1777 7 2095 8 2344 11 1061 5 1356 4 1022 3 991 1 870 2 938 12 213
448 2.8022664523439524 7.3178799899286826 23.028848885483576 17 15 19 0.61900363052231389 10 2292 6 1778 7 2096 8 2343 9 2265 5 1688
449 3.474215150674139 7.3653527913272754 22.522664994384019 73 66 63 0.59384128091825661 10 1995 6 1779 7 2097 18 1014 8 2589 9 2527 11 1402 5 1523 19 1109 20 897 12 1208 23 1271 17 724 22 1032 24 1037 21 792
450 3.4731442875091352 7.3642239816549351 22.519337650622969 73 66 63 0.55102300674766425 10 1996 6 1780 7 2098 18 1015 8 2590 9 2267 11 1403 5 1524 19 1110 20 896 12 1209 23 1272 17 725 22 1033 24 1036 21 791
452 5.3197434789484914 8.2590305670061781 20.620565765825035 24 19 14 0.20532690717803309 10 2004 6 1791 7 2103 8 2352 9 2279
453 5.1891658414537343 9.7635812151247947 17.673020231391316 77 70 65 0.42618024127563459 10 2299 6 1800 7 2110 8 2605 9 2544
509 3.2013244692271363 -6.4123822153694885 22.522848204576196 55 81 124 0.24842607417170051 10 2209 6 1926 7 2257 8 2536 9 2480
513 -2.1866565469999664 -3.6161139668610001 16.070351287672917 144 154 166 1.1308670936564453 6 1935 7 2269 8 2547 5 1844 10 2237 4 1115
517 3.6416526677582102 4.0856149863136464 23.254015171330057 65 105 146 0.33522925960084704 10 2290 6 1975 18 1110 7 2307 8 2588 9 2526 11 1628 5 1686 19 1204 20 890 12 1205 17 826
519 3.9876077363020417 9.2772950949355746 18.443808722070443 85 75 69 0.49977164692693449 10 2554 6 1985 7 2325 8 2834 9 2795 5 1888 11 1869
520 3.9876077363020417 9.2772950949355746 18.443808722070443 85 75 69 0.49977164692693449 10 2555 6 1986 7 2324 8 2835 9 2796 5 1889 11 1870
599 3.660166900837091 -4.8467911876695675 22.659227871642457 0 88 241 0.40424240172009074 10 2242 6 2141 7 2484 8 2777 9 2736 11 1581
609 3.569148422796018 8.2051692431402738 20.811860949846636 46 44 40 1.0608038309070953 10 2548 6 2192 7 2542 8 2830 9 2787 5 1692
610 4.2923093257954585 9.3036414589784275 18.540938202412089 57 50 45 0.30908304735636388 10 2556 6 2196 7 2548 8 2836 9 2797 5 1890
611 4.2923093257954585 9.3036414589784275 18.540938202412089 57 50 45 0.30908304735636388 10 2557 6 2197 7 2549 8 2837 9 2798 5 1891
668 3.1754783273635692 -5.3922579983118224 22.618501962218605 83 136 213 1.0500874430942384 10 2681 6 2294 7 2665 8 2771 9 2728 10 2233 11 1574 12 1370 17 929 19 1313
673 4.0096683919808873 0.88599802907675895 23.112792279279272 10 20 39 0.60195054346633969 10 2712 6 2324 7 2694 8 2983 9 2957 11 2034 19 1501 20 1269 23 1933
674 4.3173988225885775 6.4900575998069723 23.388985935748483 52 45 40 0.8133364094392771 10 2822 6 2327 7 2697 8 2986 11 2148 18 1379 19 1507 11 2037
675 4.3173988225885775 6.4900575998069723 23.388985935748483 52 45 40 0.8133364094392771 10 2823 6 2328 7 2698 8 2987 11 2038 11 2149 18 1380 19 1508
676 3.7351216658399271 9.5725885358906968 17.89041728347393 48 38 34 1.2183341662109275 10 2716 6 2332 7 2702 8 2995 9 2964 5 1892
715 4.0675545422438182 5.1889122315169507 23.342862123088491 4 7 22 0.93184600466876877 10 2821 6 2428 18 1497 9 3056 5 2117 19 1631 20 1406
716 4.1329455944797688 6.8321869454825164 23.593285375546465 2 3 8 1.2408982626744847 10 2826 6 2429 18 1565 8 3097 9 3057 11 2150
748 3.7536004014810085 -2.4331671043946734 22.808945870595725 203 181 54 0.53265333349184141 10 2898 6 2492 7 2865 8 3173 9 3134
749 3.5312806448873442 -1.8532914298720358 22.834400909252558 15 29 47 0.47168304809858386 10 2902 6 2497 7 2870 8 3177
750 4.4015593147725323 5.6044431245318034 23.45454220090593 22 33 54 0.86390687938515554 10 2907 6 2502 7 2876 8 3183 9 3143 11 2223 18 1498
767 3.7846132438858118 -1.8318137664979737 22.880347743322584 16 30 48 0.5395813563596491 10 2972 6 2557 9 3216
768 3.7846132438858118 -1.8318137664979737 22.880347743322584 16 30 48 0.5395813563596491 10 2971 6 2558 9 3217
769 3.6661567464411884 5.205935638425883 23.357601664293004 168 202 243 0.41387085720115696 10 2978 6 2564 18 1603 7 2947 8 3243 9 3223 11 2268 5 2246 19 1750 20 1559 12 1804 23 2639 17 1293 22 1969 24 2049
770 3.6661567464411884 5.205935638425883 23.357601664293004 168 202 243 0.41387085720115696 10 2979 6 2565 18 1604 7 2948 8 3244 9 3224 11 2269 5 2247 19 1751 20 1560 12 1805 23 2640 17 1294 22 1970 24 2050
771 2.9579650638397235 6.8646553505990457 23.550961508601834 10 11 18 0.52672321642942821 10 2981 6 2566 7 2950 8 3246 9 3225 5 2248
779 3.5094996235300333 -1.3639293174350429 22.909872886362272 43 147 247 0.21243532768566378 10 3014 6 2597 7 2989 8 3276 9 3251 11 2302 23 2629
780 3.5616092119875331 -0.3126876285460205 23.025898452665068 178 127 158 0.2481943331649259 10 3016 6 2599 7 2990 8 3277 9 3254 11 2303
782 3.8639554666807374 4.5749482189818194 23.349731158343285 5 8 23 1.3143750716339337 10 3023 6 2606 18 1642 7 3000 8 3286 9 3262 11 2309 19 1784 20 1601 23 2638
790 3.0156331782587 0.21418899755100176 23.025222568789676 18 26 40 0.61723679834512968 10 3044 6 2638 7 3032 8 3311 9 3293 11 2330
796 -5.5504039224929853 7.9108914283860514 20.402353815944526 21 25 33 0.95906501969081448 10 3084 6 2684 7 3084 8 3355 5 2341 4 1934 3 1855 1 1742 2 1790
797 -7.0651470733198725 -4.7495090594008413 15.138598697746582 70 90 94 0.40426711903267698 6 1108 7 1362 8 1546 10 1167
799 -6.3977755108447267 -4.5105751125438571 16.505355678897292 92 99 95 0.54630294523968759 6 121 7 157 8 192
800 -4.6374009511705241 -4.5287551520737015 16.579729293371901 103 129 136 0.43766284871821814 6 120 7 159 8 193 9 993
801 3.1275563586910069 -5.8721439682852985 22.397874528745437 101 87 118 0.17043098177720872 6 125 7 168 8 211
802 3.1190617728804098 -5.8205246114761815 22.576606065722029 74 59 109 0.32723282154539346 6 691 7 172 8 220 9 166 17 33
803 3.722504655423684 -4.8869352350921575 22.579294805401158 1 38 93 0.32850827297509338 6 138 7 203 8 263
804 3.7482883094392534 -4.8656183853557566 22.680273225463591 18 95 196 0.13402911638470691 6 139 7 204 11 93 19 80
806 3.3799078750202218 -4.7269264079909519 22.6898945305037 2 73 195 0.64983088163947933 6 143 7 212 8 1069 9 1049 11 102 19 109
808 3.4015809620961699 -4.4729710898784845 22.56041134995197 77 137 228 0.57778533038881563 6 146 7 238 9 234
809 3.1318661474276541 -4.4819819816325701 22.7257675860977 0 67 201 0.51232241107550058 6 149 7 240 8 307 9 238
810 3.6119780851403855 -4.48006726240863 22.706334200571305 1 88 222 0.35012252294815316 6 150 7 241 9 239 10 185 11 115
811 3.2805306735222763 -4.4424982614851363 22.673364426742463 0 76 213 0.53830562314018704 6 152 7 243 8 308 9 241 10 186
812 3.2351446282129168 -4.3013641021669615 23.086794250155258 0 39 80 0.16320332151590961 6 155 7 251 8 317
813 3.1746366856845714 -3.8135731147154024 22.719037901559336 7 31 55 0.23622204446613199 6 159 7 255 11 461 10 800
814 3.5502418483167766 -2.8003590038168169 22.872232570850176 166 74 97 0.34769851511449068 6 169 7 270 8 330 9 267
815 3.3262878048720479 -2.753825503371107 22.81517841207377 170 64 83 0.34482333415494071 6 172 7 273 8 1092 9 1075
817 3.1510636887553334 -2.5176823045066743 22.785895928957114 53 144 130 0.24802235854437976 6 180 7 281 8 1096 9 1081
818 3.046100905421238 -2.4907384996583612 22.847460657185632 47 51 67 0.2033311966576658 6 181 7 282 9 281 11 129
819 3.1235856772640473 -2.3110469936709337 22.841600994758441 3 64 63 0.67314124917711682 6 187 7 288 11 483 5 136
820 3.5348569367239553 -2.3109653447613518 22.865037724344774 0 78 223 0.31550830898817661 6 188 7 290 11 484 12 54
821 3.6676547878507733 -2.0810308236736845 22.849648227067924 46 54 33 0.31156334736360519 6 197 7 297 8 355 9 295
822 3.3574135410378725 -1.4525540034983513 22.943859677012931 57 115 201 0.33131564221977883 6 211 7 309 8 370 9 312
823 3.5634937614146351 -1.3952410053198891 22.98182138540291 0 90 192 0.098451926851165383 6 744 7 314 8 1105
824 3.5634937614146351 -1.3952410053198891 22.98182138540291 0 90 192 0.098451926851165383 6 745 7 315 8 1106
825 3.0277127004841122 -1.2842056571426133 22.778241935259381 56 65 79 0.042324366612179774 6 219 7 320 8 381
827 3.3698525128566295 -1.264436649258962 22.940928691680167 40 105 195 0.20058251579986619 6 227 7 326 8 386 9 333 11 151
829 3.5011105638399602 -0.62597087025086784 23.049794467365214 25 16 30 0.47798012742706125 6 756 7 342 11 169
830 3.2278867498999357 -0.55565360844695544 22.921303895450933 215 145 143 0.15065391175311266 6 246 7 346 8 407 9 353
831 3.5734523010376154 -0.49391248256511455 23.01042731434157 237 178 197 0.40929264635124712 6 249 7 348 9 1103 10 838 11 501
832 3.5083047475237779 -0.36594906746543476 23.288456233020305 191 181 230 0.45214552300434246 6 255 7 353 8 414
834 3.3527128311835419 -0.18550268356079774 22.996803587290735 164 129 151 0.49337874990149605 6 260 7 356 9 369 5 154 17 86
835 3.1859427454264986 0.41730720469714411 22.91492610461971 37 42 57 0.19310276400739426 6 278 7 371 8 437
836 3.6319569315513185 0.75066540623816669 23.08079279244275 3 113 231 0.17842978220760289 6 289 7 382 9 403 5 168
837 3.9136562712801353 1.0411736942311334 23.114043523840117 59 76 93 0.55423607079040293 6 295 7 391 8 453 9 413 11 207
838 4.107439250926805 1.119182265937442 23.141705422032807 55 66 87 0.18537786533376416 6 299 7 394 8 459 9 418 11 210
839 4.1067579904494069 1.1169538117199422 23.097318173063762 55 66 87 0.18351289750447125 6 298 7 395 8 460 9 419
840 3.3015608628046231 1.3128311194282611 22.940888465843365 47 56 75 0.29998989327893533 6 304 7 399 8 462 5 169
841 3.069505833286065 1.6255487939596371 23.057454258484235 50 58 68 0.39768659103876985 6 309 7 405 8 469 9 432 12 343
842 3.0730507229970381 1.6160272489334999 22.9367948844097 50 58 68 0.4892417506413923 6 310 7 406 8 470 9 433
843 3.5460936691542306 1.7913360930540987 23.148734956227489 193 218 254 0.24423790717249577 6 322 7 424 9 451 11 233 10 352
844 3.4273531271654805 3.0017137014978514 23.190198900670676 155 213 255 0.20943658066018511 6 344 7 451 8 515 9 476 10 883 11 537 5 188 19 460 18 417 12 139 17 241
845 3.6735771999052691 3.0910618619244921 23.23777390429645 83 137 207 0.3141482021581134 6 347 7 462 8 526 9 486
846 3.6756254484196749 3.0764412387921447 23.138421027080405 83 137 207 0.25706940252286292 6 348 7 463 8 527
847 3.6182509533639666 3.1075436728858667 23.232327640691068 164 216 255 0.21383804270216319 6 349 7 464 8 528 10 387 9 488 11 261
848 3.3776075076735652 3.7612781174911003 23.21738884792741 171 195 225 0.35489239314456333 6 361 7 474 8 543 11 265 5 197
849 3.4202735812002851 3.7589239881161753 23.260415159886225 28 59 98 0.35949264345252407 6 362 7 475 8 541 9 497 11 266 12 152 24 163
850 3.696894848493633 3.7135125839001173 23.236319722963689 15 64 124 0.49864701255182264 6 363 7 476 9 498 5 598 23 496
851 3.234271309438765 3.8768516451578492 23.222421146945958 60 60 71 0.22498612727502657 6 367 7 482 8 548 10 404 9 506 11 271 12 372
853 3.4822889051239572 4.0790688840945268 23.302670594082159 156 212 255 0.34314136690809732 6 834 7 487 9 522
854 3.484766202500476 4.0416329776461106 23.094509646702342 156 212 255 0.41192707715836901 6 833 7 488 9 523 5 602
856 2.8411691998710369 6.8907405427498274 23.519331427857136 64 64 69 0.2998041556784693 6 396 7 511 8 596 10 447 9 577
857 3.6442561415507013 7.4711563143086908 22.222241082646875 90 85 82 0.24603153073833203 6 427 7 552 11 311 5 256 19 226 12 197
858 3.8478453795314884 7.587893637812626 21.959419783499307 32 25 20 0.28514028416518489 6 445 7 573 8 1217 11 327 19 237 24 188
859 4.6824634991120053 7.7647851206878782 21.641311451885709 101 95 94 0.21582678585629736 6 892 7 601 8 700 9 689
860 3.8727865363461538 8.0626877259303402 20.71405798973629 7 2 4 0.86417445104748747 6 470 7 622 11 357
861 3.8120796137429966 8.3561855217843295 20.426380764355006 38 31 26 0.10215506738031503 6 474 7 641 5 299
862 3.8455264305836243 8.3618185852880025 20.322524662637949 116 111 106 0.42887114711304147 6 914 7 643 8 755 9 750 5 655
863 3.9821564053814593 8.3597420536081017 20.305563280074708 123 116 111 0.34693534162421241 6 477 7 648 8 762 9 753
864 5.250869176973243 8.2349734204710074 20.660966305955895 23 18 13 0.17211304233508959 6 917 7 652 8 767 9 757
865 5.3865742687709863 8.2666197059754403 20.542939337592948 25 20 17 0.26771534325803348 6 485 7 655 8 775 9 761
866 5.3209695867246483 8.3004860953306103 20.561910646237571 28 21 16 0.28774900031278638 6 487 7 656 8 776 9 762
867 3.871871002807274 8.7657201128935345 19.341041085027676 114 104 98 0.23193024921931216 6 496 7 674 9 777 5 318
868 4.2463925552404023 8.7978883995239254 19.427359285823549 45 38 31 0.40638299522833432 6 924 7 682 8 802 5 667
869 4.2760713011341656 8.8187656914604187 19.450806874383169 97 90 85 0.1278402646261485 6 506 7 686 8 809 9 790
870 4.3240325773957231 8.8221261821517949 19.484589944322256 88 81 78 0.085783711190908482 6 507 7 687 5 325
871 4.089930300357481 8.8435210064208789 19.362953923116429 109 102 97 0.14905825631971245 6 508 7 688 8 814
872 4.5139963052433929 8.7974325207100357 19.503299471196161 92 85 80 0.17685104580231242 6 510 7 690 8 816 5 327
874 4.3604254484003162 8.8456128929491626 19.475173762129184 43 36 31 0.27176989866639428 6 513 7 692 8 817 9 792 5 329
875 4.5401445298362493 8.8009122573509408 19.479486280889983 52 44 40 0.26398659701292182 6 515 7 693 9 791 5 332
876 4.5456320015316685 8.8719046926458081 19.627125950396508 52 44 40 0.085887105179038595 6 516 7 694 8 819
877 4.245607606329286 8.8508255439781287 19.391022066490986 49 43 33 0.18325267663567396 6 514 7 695 8 822 9 793 5 676
878 4.3381252697951505 8.8788797593834978 19.472719016007794 103 96 91 0.19387943296030347 6 518 7 696 9 797 8 824 5 333
879 4.3637457037348053 8.890869883801491 19.469011356995683 48 41 38 0.18909543221489999 6 520 7 697 9 800 5 335
880 3.7650897702858908 9.1222161859935902 18.72208666365233 78 68 66 0.17007665199893718 6 935 7 706 8 839 9 1284
881 3.9404980514893464 9.2508044921319037 18.47456170235737 103 94 85 0.29043291910962887 6 530 7 708 9 810 8 1320
882 4.0229648093053152 9.2729217009757683 18.543341994462327 87 77 71 0.089478466488066163 6 531 7 709 5 343
883 4.1122588918759293 9.2605011880203634 18.536203810889376 55 45 41 0.19943048107273201 6 532 7 712 5 344
884 3.9890865019802244 9.317637915520649 18.469416718533665 56 46 40 0.1657520320621711 6 537 7 716 5 349
885 3.9886167413457527 9.3072846687320681 18.44607307418579 56 46 40 0.25944141968117773 6 536 7 717 9 819 5 348
886 4.1793414602495842 9.2891704198312617 18.460143386105361 59 52 47 0.073111696088552711 6 545 7 721 5 353
887 4.2059252867046215 9.2695765766002012 18.440283203264354 94 87 82 0.30283888846121515 6 541 7 722 8 849 9 822
888 4.2059252867046215 9.2695765766002012 18.440283203264354 94 87 82 0.30283888846121515 6 542 7 723 8 848 9 821
889 4.0830144015026244 9.2921108399654173 18.417681926100933 91 84 79 0.32636707462566156 6 539 7 724 8 846 9 823 5 351
890 4.2361150336282813 9.273765557846481 18.44043530053758 54 45 41 0.15024948656211679 6 547 7 726 8 850 9 825
891 -7.7752661862661148 -4.5867352322058377 15.191832103447416 81 69 8 0.38990285617756304 6 85 7 872 8 1013
892 3.406735933874542 -6.397970494394273 22.519664956616403 129 155 191 0.12365550982886898 6 674 7 878 8 155 9 115
893 3.5849170301960211 -6.3581265354058285 22.530099276321288 141 167 203 0.0442196253289662 6 678 7 882 8 1021 9 986
894 -6.3721331034387561 -4.4387497290048517 16.487573073036064 143 152 158 0.7419019670441116 6 1120 7 890 8 1023 9 995
895 -6.3023737303891183 -4.3910635791842312 16.447525733054928 144 157 163 0.89044771444497695 6 684 7 893 9 1002
896 -4.4309061078633363 -4.2256599457920165 16.073038563563639 81 89 99 0.73057253664143018 6 1121 7 894 8 1036 9 1011 5 516
897 3.319538193844449 -5.9198268960404787 22.568637917279354 104 90 117 0.32329719796241824 6 126 7 895 8 1035 10 755 9 151 23 54
898 3.7048330717736579 -5.8546098674750207 22.543868653646015 151 107 124 0.075054690815811911 6 1128 7 899 8 1561
899 3.3000426416326483 -4.7349252422511636 22.616274276341944 0 33 117 0.32425427975414006 6 700 7 921 8 1061 9 1040
900 3.6900710470937392 -4.3656304925157094 22.989021984317066 0 82 208 0.26825786284935232 6 1156 7 944 8 1085
901 3.4735560338363687 -3.5070356211487237 22.743823697041911 72 65 88 0.60992604602901568 6 161 7 953 9 1073 11 465 12 47
902 3.623711182833095 -3.5998175688609604 24.781870109173717 152 183 230 2.7432958093916007 6 717 7 954 11 468
903 3.2773311463393466 -2.7197975129032215 22.796796513227552 174 62 81 0.20932385712491214 6 723 7 960 8 1093 9 1077
904 3.5784018143895127 -2.2430344220159499 22.87426170664007 43 119 108 0.1479227923140069 6 189 7 963 8 348 9 287
906 3.8257082751757765 -1.6388211691820866 22.997430492726604 0 30 87 0.36695080505162803 6 740 7 968 8 1102 9 1089
907 3.4901867542533833 -1.30282316193744 22.841725467085613 122 192 255 0.12469989561696097 6 751 7 975 8 1110
908 4.0701979690909305 -0.48092803624838032 23.05821381017963 13 21 40 0.49156895116208471 6 761 7 981 8 412 9 1105
909 4.0732305520573773 -0.39780786923722089 23.063999194220209 16 24 42 0.28471941995299549 6 763 7 983 9 363
910 3.3924167021053537 -0.31683112120049362 23.08744437333441 205 105 97 0.4138710699467808 6 764 7 984 8 1119 9 1106 5 932
911 4.0981057835781014 0.76454430792987693 23.143289395316692 4 17 39 0.24013076506321843 6 778 7 994 8 1128
912 3.9213412179305513 1.78476738370938 23.186960231629961 62 82 109 0.24640152696875886 6 795 7 1007 8 1138
913 3.6685569868144676 2.6731507527337284 23.106694693620717 99 168 237 0.39060806393729186 6 337 7 1020 9 1126 5 579
914 3.8045669934456523 2.7756485375807669 23.189264891824283 139 205 255 0.29997030523810253 6 804 7 1026 8 1148 9 1134 11 525 5 583
915 3.4043632319084209 2.8979288147057134 23.203841128033947 144 203 255 0.37799349904698704 6 810 7 1027 11 531 5 588 12 358
916 3.9912009452210122 3.0286845895664878 23.284102306598918 0 15 46 0.51112016806151717 6 820 7 1034 8 1156 9 1141 23 704
917 3.9868584967834431 3.1205918933138568 23.208465046232959 0 17 52 0.43744886667222121 6 1195 7 1038 8 532 10 891 9 1147 11 543 12 552 10 1497
919 3.4942277342238048 4.1188522482344112 23.283705384077404 28 83 146 0.19534339441391954 6 836 7 1046 5 206 6 374
920 -3.6642631244341359 7.7538383415963645 20.395687876614502 49 44 40 0.58893054114339949 6 854 7 1066 8 601 5 235
921 -3.6201590614024282 8.1002050472690801 20.309607689420439 83 78 73 1.1013769549890009 6 408 7 1070 8 1200 9 590 5 627
922 -4.9251261842769383 10.583661166808744 24.722119603701135 59 50 45 1.7253217901145719 6 877 8 642
923 3.6169793230278682 7.6147735299973363 22.015737718857508 36 31 28 0.068018167549273631 6 876 7 1086 5 640
924 3.6938135803984267 7.6181000472315219 21.921480497612194 34 24 22 0.4754386106823516 6 879 7 1089 11 577 10 943 5 641 12 406 20 242 24 381
925 2.9276318025308123 8.1702894919008209 21.57718138544492 22 20 18 0.75602097861001116 6 1228 7 1103 9 1549
926 4.0409742354011389 8.3234861864432759 20.364805631745053 122 115 110 0.51933208608377934 6 913 7 1115 8 758 9 748 5 654
927 3.9641310417292126 8.8132486630758784 19.471543650901658 97 87 80 0.18474419932033456 6 921 7 1126 8 1282 9 778 5 319
928 3.9641310417292126 8.8132486630758784 19.471543650901658 97 87 80 0.18474419932033456 6 920 7 1127 8 1283 9 779 5 320
929 4.1548911164694768 8.820337290743014 19.435121144018542 108 101 94 0.10793668694366143 6 923 7 1132 8 1288 9 1267 5 666
930 4.3878941210523186 8.7912157415799275 19.458571033865496 104 99 98 0.23067742193494115 6 504 7 1133 8 1289 9 1269 5 672
931 4.3867574256941761 8.7606228597239664 19.397213849113172 104 99 98 0.20492930536365009 6 505 7 1134 8 1290
932 4.1862543817487277 8.8383908413337995 19.419211962793536 33 27 20 0.076661450305670828 6 929 7 1135 8 1293 5 674
933 4.1571685940881755 8.8535036343086144 19.357706116791164 110 106 96 0.21552155093678943 6 931 7 1136 8 1295 9 1275 5 675
934 4.4291780873836251 8.8348153123963016 19.42903319026146 47 42 37 0.24578331207358567 6 519 7 1137 8 1297 9 1276 5 678
935 4.4873680797109516 8.8243908171169654 19.410858446997722 46 36 32 0.34401335716789372 6 932 7 1138 8 826 9 798 5 334
936 4.3983966607519873 8.8702227901788415 19.447180437473854 99 94 89 0.19251572916530846 6 933 7 1139 5 680 9 1579
937 4.0463319280771737 9.2632019956946259 18.461797893745715 51 41 35 0.12019254823651429 6 936 7 1154 8 1323 9 1287 5 686
938 3.9402092862991691 9.2892937645021405 18.390902353268643 90 80 74 0.33672525665500402 6 938 7 1157 9 1289 8 845 5 689
939 4.2682912697454389 9.2641720077865486 18.527477931222272 100 90 86 0.23506239678718083 6 939 7 1158 8 1705 9 1594
940 4.0233062922189848 9.2933224716167278 18.404786838170111 101 91 85 0.49775723442046882 6 941 7 1160 8 1325 9 1291
941 4.1140983341626454 9.2710246948659893 18.414972370169991 52 45 40 0.21597020743665823 6 538 7 1161 8 1326 9 1290 5 350
942 4.1486333088617098 9.2829880815317711 18.403239803630107 91 83 78 0.29311667380858164 6 942 7 1162 8 1328 9 1292 5 690
943 4.3735963594258642 9.2517773555827318 18.436229778285767 51 41 37 0.12843332190259721 6 1250 7 1163 8 1331 9 1596 5 997
944 4.2654839872933712 9.2602000885212128 18.368752300816762 93 82 78 0.37285790987976597 6 945 7 1164 8 1332 9 1295 5 692
945 4.3420804631203165 9.3517378408111007 18.54314872032716 90 80 74 0.21789427965017771 6 948 7 1165 8 1334 9 1297
946 4.3400900661337776 9.3148543353629254 18.473860633831116 90 80 74 0.2528197888013316 6 949 7 1166 8 1333 9 1296 5 1000
947 4.162543499933105 9.784955823669792 17.545292258728097 54 44 35 0.3061178986616615 6 952 7 1168 8 1336 9 1299 5 693
948 4.2345648753934366 9.7753639021386203 17.512805540112971 49 42 32 0.49093232956170596 6 953 7 1172 8 1339 9 1302 5 694
949 4.2345648753934366 9.7753639021386203 17.512805540112971 49 42 32 0.49093232956170596 6 954 7 1173 8 1338 9 1301 5 695
950 3.3461933180013328 -5.6250219066399216 22.450505998859221 125 175 246 0.2209381354938362 6 1131 7 1391 8 1048
951 3.169764933165987 -4.5212248821319569 22.604262555919647 0 109 255 0.58337144809386687 6 1155 7 1405 23 637
952 3.1010594796819273 -2.3920390406278114 22.865586269454603 32 53 55 0.77112848686281876 6 1162 7 1414 8 1592 10 814 5 925
953 3.6579963016388271 -1.3511075562054291 22.917476291425086 0 95 204 0.22346672870921711 6 1172 7 1421 9 1484 11 760 19 635 20 183 23 458
954 3.8485800767092133 -0.076479994327529693 22.888894039273811 230 169 156 0.4113059184961087 6 773 7 1426 9 1490
955 3.5729561291336975 0.92604654474310233 23.139657372338231 113 203 255 0.22369717930748875 6 1180 7 1434 8 1611 10 1240 5 940
957 3.108706161206265 3.1091353344710844 23.213833392276332 43 48 59 0.42033049635666836 6 1192 7 1444 11 779
958 3.4432894444247046 4.0371074444953674 23.259360275010934 40 90 146 0.3679289733805492 6 1202 7 1454 8 1625 11 791 5 957 19 665 18 599 20 346 12 561 23 708 17 371 22 201 24 562
959 2.9635534989795769 6.6760807667784361 23.065251686709495 11 7 13 0.78726849299756263 6 1210 7 1459 8 1189 5 966 4 904
961 2.9019298725608325 6.9750411511665478 23.431845199478364 31 32 36 1.0916465287216315 6 1214 7 1462 8 1632 9 1513 11 298 5 233 12 181 20 228 4 174
962 -3.6168510003812302 7.9975169501675554 20.29068579178038 78 72 62 1.0592833739033005 6 860 7 1464 8 607 5 240 4 184 3 187 1 368 2 404
963 4.9037051007108827 8.2136872367463472 20.676603626734497 5 1 0 0.24763944700801188 6 910 7 1492 9 1565
964 3.9115307700374826 8.8243887945917745 19.431202526363336 46 39 32 0.37943711094617211 6 1242 7 1499 8 1284 5 664
965 4.0857947907726899 9.2495071022091455 18.444747205746278 99 92 87 0.15990404078865583 6 1248 7 1513 8 1704 9 1593 5 992
966 4.3363499657398048 9.2666094095048557 18.508092142892828 98 87 83 0.15936779519104394 6 1249 7 1515 8 1706 9 1595 5 995
967 4.0539856300582366 9.7479835041049583 17.576128743999877 83 72 66 0.3839790406447447 6 1251 7 1521 5 1003
968 4.1304922484416258 9.7754695466130475 17.58362777745706 89 79 70 0.29931825214152036 6 1253 7 1524 5 1004
969 4.0842763166286327 9.7765850924548907 17.542576714117381 58 47 40 0.64246154221655793 6 951 7 1526 8 1714 9 1602
970 4.2009925639250296 9.7529701583937705 17.519505789499462 87 81 71 0.39752748511461594 6 1255 7 1527 8 1715 9 1603 5 1007
971 4.0547998101306062 9.7917973000451006 17.468154678365387 87 77 69 0.47441615443768359 6 1257 7 1529 8 1717 9 1605 5 1009
972 4.0547998101306062 9.7917973000451006 17.468154678365387 87 77 69 0.47441615443768359 6 1256 7 1530 8 1716 9 1604 5 1008
973 3.8189632597052623 -2.6630037121224444 22.852202132148527 50 58 78 0.46063133422488489 6 1412 7 1669 8 1095 10 215 9 274 11 471
974 3.689759632891167 -0.16643349013426237 23.028947972826082 206 196 226 0.11178552658364616 6 1430 7 1687 8 1895
976 4.1043065859416901 3.0666194999531373 23.240217388807331 55 63 82 0.74608989941771331 6 1450 7 1708 11 1042 19 835 18 752 20 487 23 900
977 3.3840240220143212 3.7013105726982607 23.295366604348487 3 11 25 0.63190202214863089 6 1452 7 1709 11 1206 5 1178 19 977 18 884 20 733 12 908 17 612 21 617
978 3.6741440591721841 5.3039265159103017 23.388928659377779 0 3 33 0.097480883074088406 6 1471 7 1728 11 1051
979 3.6826938594729022 7.9661443511218737 21.186214975275472 41 36 35 0.81273013784031201 6 1483 7 1746 11 1071 12 778
980 3.9689483881621874 9.7233136872578694 17.477091136660842 86 76 70 0.57131928576013891 6 1492 7 1770 5 1227
982 3.6448495334746425 -0.50190802663981704 22.965631158234167 229 108 84 0.65622422669947433 6 1584 7 1884 23 869 19 951
983 3.61369075164867 -0.37414651194038395 23.172511521678128 196 190 230 0.25624104663880248 6 1586 7 1885 9 1780
985 3.5239079222751033 2.7365036361157036 23.17483715855424 135 196 255 0.29018366698952752 6 1594 7 1891 8 1910 9 1797 5 1333 12 724 23 888 24 714
986 3.8506964092174218 5.011136057789197 23.339781398531574 148 191 234 0.15977955634224186 6 1610 7 1906 8 2147 9 2044 5 1346 10 1732
987 3.6671637163086146 5.2045419407478422 23.352539072140015 157 197 242 0.10358325686262231 6 1613 7 1909 5 1349
988 3.6703238380387933 5.3858295460232988 23.348299827287498 159 197 245 0.10613951875385895 6 1618 7 1914 5 1354
989 3.8064585956854717 7.5061002024993737 22.1790774158038 76 69 64 0.58643211388077809 6 1622 7 1925 8 2164 9 2067 12 764 24 912
990 2.9774198657635655 9.0546503539263838 20.292342949380014 17 9 4 0.54534280888771602 6 1793 7 1935 8 2177 9 2284
991 4.3027922231628457 8.8498437562364707 19.458885241002829 84 77 72 0.28555393197863238 6 1635 7 1938 9 2080 10 2007 5 1365
992 4.3012172611505601 8.8307002666996492 19.417345197486245 84 77 72 0.25258933441624748 6 1636 7 1939 9 2079 5 1366
993 5.2143868990745448 8.9025248234427821 19.020470903510844 41 36 33 0.74822641546129598 6 1796 7 1940 8 2362
994 5.1264652230765879 9.7944818661144097 17.661893925882829 41 31 25 0.69879098676807505 6 1497 7 1949 8 2007
996 3.9882625835048038 -2.9031733629033711 22.887697406794068 14 32 54 0.43364251622699235 6 1751 7 2063 8 2316 9 2233
997 3.7599249402857642 5.1101412325766287 23.346497123833341 0 9 25 0.082207207095307086 6 1772 7 2089 11 1394
998 3.7647379039272786 5.3009609423348554 23.387815535854234 3 11 30 0.19514387656741988 6 1776 7 2092 9 2261 8 2341 5 1520
999 5.3297622318966233 9.7523568940386429 17.629120449080325 69 59 53 0.2179256759268825 6 1801 7 2111 9 2545
1000 5.3297622318966233 9.7523568940386429 17.629120449080325 69 59 53 0.2179256759268825 6 1802 7 2112 9 2546
1001 3.8814315540652973 2.591878119480596 23.024179328278525 114 169 246 0.28322004338068529 6 1971 7 2305 8 2585
1002 3.349183828426622 7.3866428985511519 22.298422161097449 16 12 15 0.82025865002947662 6 1782 7 2308 8 2591 9 2530
1003 3.0602532819021611 9.7229914139770361 18.728172068270201 133 112 90 1.490192390874183 6 1987 7 2323 9 2535
1004 4.9396675387955993 9.7134025494895724 18.156810014054873 43 33 29 0.9506760241317973 6 1991 7 2328 8 2604 9 2539
1005 -6.1858765054630398 -4.2703664232236962 16.420076401153157 115 144 145 1.5865842812208704 6 2129 7 2473 8 2763 9 2925
1006 3.2716598807827659 -3.2215268408338016 22.754856743575264 123 174 254 0.48100442832139462 6 2163 7 2505 22 1293 18 1227 21 1061
1008 3.3449220238852693 2.6411314607630048 23.175197441581744 124 181 253 0.52746262326624427 6 1970 7 2533 8 2822 11 1624 9 2523 19 1368 12 1201 23 1570
1009 3.3456684260974492 2.6419396200960263 23.189537798947494 124 181 253 0.59489291150581658 6 1969 7 2534 8 2823 11 1625 9 2522 19 1369 12 1202 23 1571 24 1023
1010 3.6345744081785951 3.700667953012243 23.275818891215295 28 80 146 0.76507079960407498 6 2326 7 2696 8 2985 9 2960 11 2036 5 2024 19 1506 18 1376 20 1275 12 1423 23 1938 22 1582 24 1520
1011 -2.4854325301788878 -3.7773194631414388 15.999863292689941 41 53 64 0.48737531786798194 6 2400 7 2770 8 3072 9 3039
1012 3.8950144821467223 10.241516042869092 16.88507531483172 58 53 52 0.5376928660328808 6 2568 7 2954 8 3248 9 3226
1013 3.5794775734630697 0.75879835150025421 23.052732965097153 100 203 255 0.37521940403523746 6 2602 7 2993 8 3279 9 3256 11 2306 19 1779 20 1596 23 2632 22 1966
1014 3.5896526611286528 2.8601069335599103 23.200187163753718 106 166 242 0.74776177281417033 6 2604 7 2997 8 3284 9 3259 12 1849 20 1599 23 2690 22 2021 21 1644
1015 -8.2076876820854512 4.8270395170959182 18.28484539739625 193 170 132 0.6583617280538383 6 2642 7 2998
1016 4.1067788494565907 9.3117097370649518 18.496113336602466 67 60 55 0.69031540953327575 6 2607 7 3002 8 3287 9 3265
1017 4.1067788494565907 9.3117097370649518 18.496113336602466 67 60 55 0.69031540953327575 6 2608 7 3003 8 3288 9 3264
1018 3.4716311606899812 -3.5105154551195303 22.724968793109205 73 66 89 0.19804576825803924 6 2627 7 3023 8 3306 9 3286
1019 3.4718705298508494 -3.504022634521021 22.688477236989463 73 66 89 0.18450352758027919 6 2626 7 3024 9 3285
1020 2.9452318050448545 -2.9475256128536267 22.84100305859511 18 32 47 1.4627571567737685 6 2631 7 3027 8 3307 9 3289
1021 2.9612246854251594 -1.8253397130239486 22.809589558644479 14 26 39 0.58612637260230982 6 2635 7 3029 8 3308 9 3291
1022 2.9931052334884125 -0.86296435660909088 23.066988409288182 19 27 41 0.64455515579959333 6 2637 7 3031 8 3310 10 3043 9 3292 11 2329
1025 -5.3995939146613239 -0.89543662338148244 15.902712975939352 22 30 44 1.8923629554982295 6 2685 8 3358
1026 -2.4951679129459787 7.464783643569822 14.958047540655741 103 84 74 2.1551604007665617 6 1980 7 2311
1030 4.0126397398240359 -6.5341809134163373 22.674769078119766 41 59 83 0.25268608216564981 7 117 10 735 8 132 9 90
1031 3.5140309450547087 -6.0474810567291026 21.073729904029104 25 49 80 1.5126791075754609 8 136 11 52
1032 3.6931139298162656 -6.4813696412403248 22.578783761610453 24 57 91 0.16399052753951215 7 119 10 72 8 137 9 96
1033 3.8494143414171362 -6.4782143199249624 22.595459693987468 29 55 89 0.16193825454782154 7 122 10 73 8 140 9 97
1034 4.0320915572422953 -6.4723371468734134 22.582935431546652 139 157 185 0.13319406028254049 7 120 10 75 8 141 9 98
1035 3.9269196968149687 -6.4645802362226839 22.570202069540819 126 153 188 0.16575324074242676 7 123 10 77 8 142 9 101
1036 3.3456822949068736 -6.4563450026663762 22.539215202675805 131 155 186 0.1581803701712515 7 124 10 78 8 143 9 104 23 43 19 356 17 19
1037 3.3456822949068736 -6.4563450026663762 22.539215202675805 131 155 186 0.1581803701712515 10 79 8 144 9 105 7 125 23 44 19 357 17 20
1038 3.1985257973418602 -6.4243894966569011 22.543652076402946 5 33 77 0.12868674953009096 10 87 8 149 9 110
1039 3.8750341556045598 -6.4289136178479946 22.595801139626627 143 171 220 0.20574158852889174 10 91 8 151 9 113 7 877
1040 3.9434917537874719 -6.4265635560509837 22.581095149333787 135 163 206 0.11288810693621652 7 130 10 89 8 152 9 114
1042 3.2194063734864224 -6.3753042869067746 22.59678041518417 16 40 74 0.28163237992996876 10 101 8 167 9 124
1043 3.8232514113522278 -6.3732290644657654 22.592527915912665 142 165 207 0.1550642565503372 7 143 10 99 8 170 9 122
1044 3.9348263456978798 -6.3796871535182476 22.642346648955375 146 166 201 0.088842002502972639 7 145 10 103 8 174 9 127
1045 4.002401016295539 -6.3695032570060661 22.603191998184599 141 159 193 0.11639692983527616 7 146 10 100 8 176 9 129
1046 3.9752472084749413 -6.3496386877621678 22.611713905779016 29 46 74 0.17366061013799713 7 153 10 108 8 186 9 989
1047 4.2807091813402369 -5.8258606105573874 22.638488905247602 27 50 81 0.28094637291109975 10 122 8 221 9 167
1048 4.3416205776812582 -5.8244386920711078 22.664660074875435 148 177 207 0.10662221621220558 7 173 10 123 8 222 9 169
1049 -2.0652299767575681 -3.1936648393680045 13.70478354229307 41 59 64 0.13723029639386855 8 242 5 905
1050 4.3117176327977713 -5.3031182910650942 22.755703857384297 34 55 89 0.30997079746567369 7 913 10 146 8 247 9 186
1051 4.3117176327977713 -5.3031182910650942 22.755703857384297 34 55 89 0.30997079746567369 10 147 8 248 9 185 7 912
1052 4.3006044986407952 -5.214798692755501 22.647442782038112 31 52 88 0.22536034324020107 7 194 10 150 8 254
1053 4.3007707966647013 -5.1821031884008413 22.673990069861041 115 136 167 0.27278523479797445 7 197 10 151 8 255 9 194
1054 4.3007707966647013 -5.1821031884008413 22.673990069861041 115 136 167 0.27278523479797445 7 198 10 152 8 256 9 195
1055 3.5281267071005962 -4.9132525988013054 22.60370157623144 16 40 80 0.27128258897620711 7 201 10 768 8 262
1056 4.2297221653100854 -4.741142902342073 22.729150341302834 9 53 124 0.17838696278713151 10 165 8 274 9 212
1057 3.1656323759006182 -4.6968868769340641 22.72458253318332 3 98 186 0.78693584088340796 10 781 8 279 9 216 11 451 12 36
1059 4.423450945735401 -4.5894001524496595 22.657926881817893 10 47 101 0.18676881843930992 7 232 10 176 8 298 9 228
1060 3.470519700332459 -4.4926345033627006 22.689448917503508 74 143 232 0.92133795861233825 6 147 8 305 9 235 11 113
1061 3.4261596522542073 -4.3483637350312598 22.738318054860962 0 88 231 0.2616367933723513 7 246 10 192 8 313 9 247 12 43
1062 4.0097616887471341 -4.3424629360419722 22.690949387548688 70 90 111 0.32421161700767481 7 247 10 194 8 314 9 249
1063 3.408588682792256 -3.4178562320062351 22.66802336701836 199 194 128 0.30772314815910601 8 321 9 261 10 203
1064 3.7051990126129728 -2.7771746241056467 22.877388512518497 68 49 71 0.28052431692112262 6 173 7 958 8 331 9 1076
1065 3.231460831944148 -2.6789957895657173 22.784330007270846 172 65 90 0.11775993188862996 7 275 10 214 8 334 11 125
1066 3.2130359230718164 -2.5802724919989202 22.795106893617191 157 71 77 0.40375092852442512 7 279 10 217 8 337 9 276 11 127
1067 3.6022894107977494 -2.3267713720314602 22.60013507448091 0 70 226 0.36877941333392067 6 185 7 289 8 346 9 286
1069 3.6087472989609495 -2.044517334531784 22.697604633425769 49 57 39 0.37429566279819948 7 298 10 820 8 357 9 298
1070 3.6925796290486228 -1.7498707992293701 22.898346669738732 0 26 60 0.34183906567097999 10 232 8 364 9 303 11 139
1071 3.4316675586004992 -1.4553983290033556 22.957484060388957 52 114 200 0.16624195475162251 6 213 8 372 9 314 11 147
1073 3.6848310851394612 -1.2726900294786772 22.934476512411614 55 116 207 0.13074532722683588 7 327 10 261 8 389 9 334 11 154 12 81
1074 3.5873450204008139 -1.1456799660036925 22.931770604705093 64 124 216 0.079406207158534581 6 233 8 394 12 85
1076 3.390712484492076 -0.10523451524783084 23.020472361730356 192 125 124 0.17979924713539308 6 263 8 420 9 372
1077 4.0781990446756451 -0.12732991083732875 23.043619979284639 37 36 45 0.24249512264424611 7 359 10 844 8 422 9 373
1078 3.9183463198971995 -0.024349686713454582 23.074310125101551 72 64 70 0.16329023567118078 10 293 8 424 9 377 11 193
1079 3.1849044603640451 0.2732641376841799 22.815419835343267 39 42 55 0.45402844347667665 6 275 8 431 9 383
1080 4.1049415165418717 0.87636729035840466 23.107567386400437 9 21 39 0.30433857747512583 10 313 8 448 9 409
1081 4.1078628290888712 1.0076464920131383 23.177671302703601 11 23 46 0.13912596363643503 10 315 8 452 9 412
1082 3.8718710095113442 1.0858628707604867 23.083911306042999 60 74 87 0.19871214965480644 10 320 8 457 9 416 7 998 12 105
1083 3.9706191742215959 1.0802798017102708 23.008228971834168 7 19 37 0.38602859286266816 6 297 8 458 9 417
1084 4.1047926483985471 1.1626554633448047 23.086707122656893 3 16 39 0.084526753627724882 6 300 8 461 9 420
1085 3.915147550798991 1.6621922312121269 23.113650627360236 69 89 114 0.29211720070453656 10 338 8 474 11 223
1086 3.1925512343574916 1.76386601273513 23.152238950324705 42 40 52 0.2754511129922263 7 416 10 341 8 477 9 444
1087 3.5065354415423942 2.6900915972908095 23.053253888736268 145 206 255 0.22311555242864456 6 336 7 437 8 502
1088 3.4639351859768719 2.7415509543452212 23.167089334573159 107 167 245 0.21418629987254303 6 338 8 504 9 464 10 365 11 245 12 127
1089 3.8130269420589178 2.8265051060728767 23.212016382664892 85 142 215 0.061222077824169031 10 373 8 510 9 471
1090 3.8159410632200017 2.8324462618698476 23.251783691856829 85 142 215 0.24171574532274603 7 446 10 374 8 511 9 472
1091 3.0856325574646712 3.0887517718123845 23.117698181376486 49 54 65 0.097171411235836655 10 886 8 517 9 1139
1092 4.0864737247086715 2.9609019195495718 23.247838889600576 7 16 33 0.21518462497846499 7 454 10 378 8 520 9 480
1093 4.1196795930794972 2.9785631896493001 23.256592880200117 58 67 86 0.40773071426422225 7 455 10 381 8 521 9 481 11 254
1094 4.1193955394392257 2.9764711026805459 23.258281560053916 58 67 86 0.31748502167262505 7 456 10 382 8 522 9 482
1095 4.0074485370383517 3.0658481611915707 23.173937293954904 51 74 99 0.16964859730161908 6 352 7 466 8 530 9 490 12 367
1096 3.9508688381308397 3.1016202635730683 23.237668260601129 98 138 191 0.11127721195157891 7 467 10 388 8 531 9 491
1097 4.1090869860913086 3.2755258695408904 23.256507685381827 63 69 85 0.38139335590926254 10 892 8 535 9 1150 11 546
1098 3.3359659311704166 3.7761879358846469 23.258414402386148 6 19 40 0.37543443445922731 6 360 8 542 12 370 24 164
1099 3.4121381269749955 3.794519500864296 23.23079721883358 178 221 251 0.097787461440624862 7 479 10 401 8 545 9 501
1100 3.4121381269749955 3.794519500864296 23.23079721883358 178 221 251 0.097787461440624862 7 480 10 400 8 546 9 502
1101 3.4115333741764546 3.8756467170673421 23.316294426190311 30 78 129 0.29754509185133954 6 830 8 550 9 507
1102 3.5859722437603967 4.0283524991961563 23.27517354921871 65 94 140 0.42097865583074184 7 485 10 412 8 558 11 274 5 203
1103 3.791506858838448 5.3820682494662844 23.347936498353697 0 12 35 0.0069040867613972693 10 427 8 578
1104 5.4844856406234124 6.2402982416275794 23.388791624375305 51 52 59 0.32871041750235841 10 919 8 595 9 573
1105 -3.5721085796377805 8.0066816210939873 19.911582059737658 85 76 67 0.6009503401918872 7 531 10 468 8 610 9 594
1106 -3.6528184658308631 8.0313415430496295 19.565362510871154 32 24 19 0.92313418657414725 6 414 8 615 9 606 10 479
1107 5.8247624464419037 7.4338793985775435 22.238385738538263 113 128 128 0.14735777725424939 10 497 8 671 9 647
1108 5.0645667803469125 7.6760278149317696 21.995228991412549 0 16 33 0.11207664992587289 10 963 8 684 9 664
1109 5.3730652379087624 7.6435046477807846 22.1018533698041 42 46 52 0.17773939448674062 10 517 8 685 9 663
1110 4.7093190634480093 7.7386404082743194 21.534309363548026 16 20 21 0.20915446630617501 10 973 8 701 9 692 11 595
1111 5.8361734284592615 7.7357174106659032 21.599471820558037 1 12 11 0.25158286872498747 10 544 8 722 9 705
1112 5.8178094767921129 7.7887403146494876 21.670343076749496 130 150 151 0.18377985539147423 7 617 10 546 8 724 9 708
1113 5.7416901801430402 7.8971293976739902 21.340968846817184 130 131 137 0.30152618693917638 7 623 10 984 8 734 9 724
1114 5.7416901801430402 7.8971293976739902 21.340968846817184 130 131 137 0.30152618693917638 7 624 10 983 8 735 9 725
1115 5.7758973266103499 7.9104356195787418 21.360108378411194 16 17 20 0.40683664704280842 7 627 10 556 8 737 9 727
1116 5.8360816313332844 7.9482305204372059 21.420866159984172 20 19 22 0.41992819782338237 7 631 10 986 8 738 9 1225
1117 3.9802275599515906 8.368856857432931 20.417081972440918 133 143 150 0.19323680329126353 6 475 7 645 8 757 9 747
1118 3.915606869677843 8.3909356126679775 20.374777335676178 131 139 140 0.27495213904866123 6 476 10 582 8 759 11 361
1119 5.2401754479101266 8.3148610093687338 20.597143867026588 120 125 124 0.22856336012091155 10 1006 8 772 9 760 7 653
1120 5.4327487920271498 8.2813005204707952 20.524697189433528 28 32 28 0.1767988346327444 6 488 8 777 9 763
1121 5.1958926049239782 8.6659209839111746 20.258901171970411 73 109 106 0.31322535831079118 10 590 8 794 9 776
1122 2.9699955013849881 9.328778149200641 19.986432804454836 43 28 19 1.2291925534184276 6 919 8 797 5 988 1 874
1123 4.2151514376502623 8.8569054792940136 19.404033555073593 124 138 147 0.13333025906173993 6 512 8 820 5 331
1125 4.2359674813880055 9.2719741179560611 18.557487877388841 51 51 51 0.17592905119095467 6 535 8 844 9 817
1131 3.9640020315934357 -6.4844889507567345 22.60421741731956 38 63 96 0.15046529585365956 7 875 10 737 8 1017
1132 3.2331876217951487 -6.3942621160767192 22.530908161036763 136 164 208 0.24644937055024746 7 879 10 742 8 1020 9 982 23 46 19 360 17 24
1133 -6.3039345226720984 -4.39275670962693 16.449188118626861 165 172 180 0.7583775363311307 6 683 7 892 8 1026 9 1001
1134 4.3802058250878471 -5.827718611040499 22.594945202753976 18 39 76 0.32516469351771077 7 900 10 757 8 1042 18 336 9 1452
1135 4.3802058250878471 -5.827718611040499 22.594945202753976 18 39 76 0.32516469351771077 7 901 10 758 8 1043 18 337 9 1453
1136 4.3750623648244549 -5.2410467506679117 22.622672899120097 107 129 156 0.061271803804600622 7 914 10 762 8 1052 9 1033
1137 4.3750623648244549 -5.2410467506679117 22.622672899120097 107 129 156 0.061271803804600622 7 915 10 763 8 1053 9 1034
1138 4.2550640613099455 -4.7738490240131473 22.721196835878679 164 195 243 0.098319667857135362 7 919 10 778 8 1064
1139 3.4619574071322856 -1.4205877288031605 22.901812544341709 130 197 255 0.28263702861064899 7 971 10 827 8 1104 9 1094 12 69 23 165
1141 4.0350498569217548 1.1199745452328815 23.128158162452237 65 76 97 0.11348420694539155 7 1000 10 855 8 1130 9 1116 11 508
1142 3.611374276439121 2.6780922075229769 23.190081027811512 142 202 255 0.24751004803459103 6 800 7 1019 8 1145 9 1125
1143 3.7161884134694509 2.6993253573248328 23.177606561157067 147 210 255 0.16004046406134192 10 871 8 1146 9 1129 11 522 12 353
1144 3.8018685861830361 2.7742509600913183 23.178484879443346 153 211 255 0.25807232158620907 6 805 8 1149 9 1135 10 368 11 526 5 584
1146 3.6828418723338534 5.2210033964149547 22.390421230795944 2 10 43 1.4207909790601476 8 1181 9 1160 11 560
1147 4.0717118913944157 6.3067114498793018 23.400464173782389 34 32 38 0.41782390647653728 7 1056 10 915 8 1186 11 809 5 613 6 394 9 566
1148 5.4023677922175626 6.5485084762632999 23.802565513917585 58 48 48 0.097293064032135182 6 1213 7 1061 8 1192
1149 4.0573885878946188 7.6049888071440037 22.018827079819594 117 121 116 0.28462453329992587 6 881 8 1219 9 629 5 269
1150 3.7359273514914046 7.8011914081404701 22.027545928206067 5 240 251 0.17671162328796766 10 952 8 1223 9 1194
1151 4.8846839244668105 7.7308350717496017 22.01647773903791 21 235 251 0.1787030752155222 10 965 8 1231 9 1201
1152 5.7468102713040308 7.9704646606326692 21.221506761228365 128 127 130 0.3344504726472467 7 635 10 562 8 1254 9 1230
1153 4.1294652513544863 9.8060430938137024 17.501935928340764 90 100 101 0.25498903896162933 6 1258 8 1340 5 696
1154 4.0902844099970981 9.8236192330529644 17.499005986671143 49 55 53 0.35216431134917148 6 955 8 1341 9 831 5 697
1158 3.7334621219968622 -6.4586178758309716 22.523606336830639 135 163 201 0.1774205408970207 7 1370 10 1174 8 1548 9 1436 11 427
1160 3.7721086916367268 -6.4075122684470864 22.542647066578919 19 47 93 0.15172450286313177 7 1372 10 1176 8 1551 9 1440 11 723
1161 3.7725912302881435 -6.4155985417105867 22.573386558900076 19 47 93 0.08154633406290529 7 1373 10 1177 8 1552 9 1441
1162 -6.8853734521806267 -4.3782496162674134 17.363966631826148 67 77 82 0.91972174187743561 6 1563 7 903 8 1563
1163 3.4628683380330778 -5.6802573553443221 22.663531927747702 131 183 254 0.18535482858535646 7 1392 10 1192 8 1566 9 1455
1164 3.4628683380330778 -5.6802573553443221 22.663531927747702 131 183 254 0.18535482858535646 7 1393 10 1193 8 1567 9 1456
1165 -2.9152009660857985 -4.0929741863330671 16.594819074822052 55 68 73 0.40573390004492199 6 1132 8 1569 9 1748
1167 2.9515001366925975 -1.5235996184410505 22.845132792486719 8 16 32 0.34849257534120787 10 238 8 1597 12 65
1169 -3.5913358366860639 8.0785922785952025 20.305828773414312 85 78 72 0.71668469100571996 10 936 8 1634 11 584
1170 -3.6482667738757097 7.9787457522787824 19.830749903304913 79 72 68 0.911262818591691 7 1466 10 1269 8 1636 9 1515
1171 5.8330972599199695 7.7054526552532199 22.078653644475182 19 224 249 0.093721190485111794 10 1294 8 1658 9 1550
1172 5.8330972599199695 7.7054526552532199 22.078653644475182 19 224 249 0.093721190485111794 10 1295 8 1659 9 1551
1175 3.3528864029891867 -6.4021372351256511 22.542571295232275 32 58 91 0.26833011383753946 7 1647 10 1178 8 1850 23 619
1176 3.3513728866767334 -6.4085567055196622 22.56743006426732 32 58 91 0.11095503255806645 7 1648 10 1179 8 1851
1177 4.4400082894125266 -5.8405244336285689 22.592527760289975 154 177 216 0.33802138082295685 7 1649 10 1684 8 1857 18 683 9 1744 19 768
1178 3.5393239574435089 -2.2089423141033833 22.809738100951197 1 139 103 1.2265024900294079 7 1876 10 1697 8 1881 9 1481 11 997 12 519 23 856 17 342 18 389
1179 3.4763742430990345 -0.37372041951817869 23.072701656161374 182 183 227 0.34602331729999536 10 1706 8 1891 9 2031
1181 3.655487505504424 0.61703282262246539 23.030437414969349 114 198 255 0.5777122144274579 10 1479 8 1900 11 1015
1182 3.9729786100172126 1.7850490190253565 23.15297322695838 0 14 34 0.23537651634375512 7 1699 10 1485 8 1906
1185 3.6667002921383984 5.1015257249682033 23.30074815843307 0 9 34 0.088956562544019693 10 1515 8 1942 9 1824
1186 3.5870895426913347 5.1380937530128303 22.378889927848128 9 22 43 1.8866572518468505 8 1951 9 1832 11 806 12 575
1187 5.3763861767965118 6.5620221600356992 23.543914478065251 56 46 50 0.3485926512262611 10 1747 8 1955 9 2063
1188 5.3699176689742263 6.5476387275928349 23.497280155891072 56 46 50 0.36833799884105911 7 1917 10 1746 8 1956 9 2062
1189 5.4946649880138638 6.5242053550151136 23.304871716514626 25 24 27 0.43970292329131311 7 1918 10 1748 8 1957 9 2064
1190 -3.687268667989374 8.2063236498626999 19.713322846442708 72 67 64 0.50993017411533348 7 1736 10 1537 8 1960
1191 5.7974708962644259 7.6912235475029158 21.594547797900162 79 94 94 0.1891877902110263 10 1542 8 1969 9 1851
1192 3.0645142449556104 9.7527021046566755 19.023270938765695 36 22 13 0.71057694690485962 6 1487 7 1759 8 1993 9 2086 5 1369
1193 4.9951135388514896 9.7285785625601395 18.014414860412042 24 19 20 0.7381151695256587 6 1493 8 2002 9 1888 7 1772
1194 4.0176056110329386 9.7339916785621057 17.452327382304933 44 53 50 0.29277799280893851 10 1572 8 2003 9 1891 11 1082
1195 4.021520444856721 9.7667602007490633 17.50978094846587 44 53 50 0.2593702343688844 7 1774 10 1573 8 2004 9 1890
1196 4.2751413700842997 9.8083627736337498 17.55087607088452 101 92 87 0.28861140889675707 6 1259 8 2005 9 1893 5 1010
1200 4.3764706931575557 -6.0246500321831391 22.640460370914813 155 187 231 0.11260386548725348 7 1850 10 1682 8 2104 9 2003
1202 3.4813892250739449 5.2035287330751743 23.322009231329126 160 194 241 0.095892929488167244 7 1907 10 1734 8 2149 9 2045
1204 4.5352881956144744 8.8389460024369733 19.468022518141087 126 124 125 0.11135493974442538 10 1768 8 2182 9 1869
1205 4.1866680700336438 9.7234660039648926 17.576756576033503 49 42 37 0.52144648527150628 7 1946 10 1780 8 2192 9 1889 5 1371
1219 4.3811437937077002 -5.9266071481759361 22.623906930479514 21 42 67 0.084275836604539994 7 2032 10 1922 8 2293 9 2209
1220 4.3780692726717128 -5.9151790083916671 22.571358825215913 21 42 67 0.35884635580837415 7 2033 10 1921 8 2294 18 952 9 2208
1221 4.2174530413906783 -4.7479174921381153 22.709711788645588 58 98 161 0.19010400779500056 10 1939 8 2304
1222 4.3637044358394661 -4.5889562330886937 22.658438497841559 44 85 155 0.057445985051888394 7 2054 10 1945 8 2307
1224 3.5441405582339849 -0.45147849311671284 22.989803736881946 159 190 242 0.38206505165278881 7 2071 10 1970 8 2327 9 2248 11 1376 12 1021
1225 3.8048458622356915 3.8506675079149182 23.262201114656101 52 87 123 0.42132751427444615 7 2080 10 1981 8 2331 18 994 11 1385 5 1509 19 1096 20 735 12 1031 23 1259 22 688 24 1026
1226 3.5750596535822079 5.1113819040473292 23.32421732746808 8 16 33 0.10140222123463989 10 1987 8 2335 9 2254
1227 3.6904561436178072 8.6474696770140689 20.125459661895022 13 19 22 0.84807488393807606 6 1634 8 2354 9 2077
1228 4.0616095619811929 8.8289475396998984 19.38374564816424 81 94 106 0.27530560601085868 10 2005 8 2355 9 2286 11 1417 5 1530
1229 4.0616095619811929 8.8289475396998984 19.38374564816424 81 94 106 0.27530560601085868 10 2006 8 2356 9 2287 11 1416 5 1529
1230 4.0503892073059129 9.2290490108338901 18.558154215788562 54 43 41 0.58338937277806735 10 2011 8 2364 9 2291 11 1418 5 1368 6 1488
1231 3.8496723532902566 9.411146950202907 18.006443720493976 58 48 46 1.2146166109536405 6 1988 8 2368 9 2089 11 1423
1232 3.9106256377520734 10.108228680474106 17.226186696037431 13 10 14 0.43644351856050845 10 2016 8 2370 9 2299 5 1537
1233 3.9106256377520734 10.108228680474106 17.226186696037431 13 10 14 0.43644351856050845 10 2015 8 2371 9 2298 5 1536
1267 3.6955809142840925 -6.4415072355870473 22.607326770131969 43 78 118 0.19291724393250015 7 2468 10 2486 8 2538 9 2479
1268 3.6955809142840925 -6.4415072355870473 22.607326770131969 43 78 118 0.19291724393250015 7 2467 10 2485 8 2539 9 2478
1269 3.8848023015765873 -6.408636195444986 22.541986531389156 119 148 195 0.15656283952739658 7 2258 10 2210 8 2540 9 2481
1270 3.8844551668786655 -6.4085073398654311 22.538606967037147 119 148 195 0.14103709004478246 10 2211 8 2541 9 2482
1272 -2.268114277709901 -3.6686908010883577 16.285085703357041 148 159 170 0.21061327705978003 6 1936 8 2548 5 1845
1273 3.1929258056978633 -1.1967440279746187 22.881146687555749 15 33 57 0.51025240694896068 10 2283 8 2574 9 2244 10 1968 11 1615 12 1016
1274 3.8548369222700907 2.0280862325813973 23.116676303165594 55 74 108 0.44850805156027884 7 2304 10 2541 8 2584 23 1255
1275 3.3546023284594906 3.1198673811638096 22.960445051320022 110 158 239 0.35356271144802287 6 1974 8 2587 5 1884
1276 4.0558933318541461 8.4315754475483367 20.560059396292147 51 66 72 0.42854403604580305 7 2312 10 2294 8 2594 5 1697
1324 3.143131041635201 -5.7322576650838659 22.556120570644229 94 130 195 0.39314205413636044 7 2476 10 2223 8 2765 9 2486 12 1359 23 1547
1334 4.2172184400713997 9.7397710043989179 17.476696003399258 78 83 82 0.016081259152240887 10 2558 8 2838
1335 4.2327654993295232 9.7413088140845705 17.484545970185984 78 83 82 1.5632378595551535 10 2559 8 2839 9 2543 5 1700
1336 4.8242573262712805 10.094983397699689 17.310028157988715 11 11 11 0.94378259137657516 6 1997 8 2840 9 2803 10 2303
1362 5.2745166633159668 6.5549348013387903 23.770271720576261 55 45 42 0.35600231915726266 7 2699 10 2824 8 2988 9 2961
1363 5.2745166633159668 6.5549348013387903 23.770271720576261 55 45 42 0.35600231915726266 7 2700 10 2825 8 2989 9 2962
1385 4.2933258116822186 -4.6707547795847688 22.690868753824692 14 52 127 0.08482478415834413 7 2777 10 2808 8 3077 9 3044
1389 5.4085089720470041 6.6822856878215582 23.310869279356112 1 2 9 1.3735815721374727 7 2799 10 2827 8 3098 9 3145
1390 4.6840992667385475 9.556259418298394 17.681682463494308 64 50 45 0.4326309951690186 10 2829 8 3105 9 3061
1400 3.9200583552888175 -4.6582529569533815 22.712053982812506 31 44 66 0.38144034500679269 7 2860 10 2893 8 3166 9 3128
1401 3.6131890569450134 3.3984321531776462 23.155741345753782 10 15 30 0.33876413978905373 7 2874 10 2906 8 3182 11 2222 5 2190 12 1765
1402 4.9643178792857947 9.9970221704704745 18.053520105415767 46 41 36 1.7611805555158877 6 2505 8 3190 9 3153
1415 3.419991736871602 -6.0508721091506521 22.518136304594577 39 52 75 0.18611635360033935 7 2922 10 2952 8 3221 9 3191
1424 3.6368520392252335 3.9575849334893527 23.292988611814568 185 201 237 0.064057344209970529 7 2999 10 3022 8 3285 9 3261
1434 3.3514938460772012 -0.18470156689588649 23.003007022686276 160 121 140 0.37983539441491948 6 259 7 355 8 417 10 287 18 398 9 368 11 186 5 155 19 438 17 87
1435 3.5449477879023319 -0.44935301827392182 22.996714141903098 159 189 248 0.35306953053301987 10 2284 6 1965 7 2297 8 2326 10 1969 18 986 7 2070 9 2247 11 1375 20 877 12 1020 23 1059 17 698 21 782
1449 3.8746966022821003 6.4184893054368644 24.226132026576426 4 5 14 1.7759660941160074 6 2676 7 3079 8 3349 9 3326
1450 -4.4800178605675463 -4.852425410845199 26.978484933040182 104 72 20 1.8782857112080382 6 2679 8 3351
1451 -6.9842646690975689 -4.6864013408001286 14.86891673385969 124 128 143 0.37014570873785724 7 100 8 124 9 79
1452 3.4974575778269634 -6.4922652938766632 22.503696472375626 113 120 144 0.10106136693243417 7 113 11 48 9 86
1453 3.6663585922954813 -6.5121830117986299 22.57769864706065 124 154 179 0.079499354394805641 7 114 10 67 9 87
1454 3.8163526195232746 -6.5001367539383432 22.530808877205498 136 157 183 0.06069171575784179 7 115 8 131 9 88
1455 3.4718136674048403 -6.4675133423179787 22.506487335370473 37 56 88 0.024615587700707743 8 135 9 94
1456 3.548460292620915 -6.441233325895098 22.518427983860061 143 166 204 0.17454083314267307 7 126 8 145 9 106 11 55 19 30 18 29
1457 3.3727871585696558 -6.4189224692037916 22.524502470139414 15 39 72 0.18744698203728766 7 129 9 112 11 58 19 36
1458 3.8868078449377039 -6.3664697927668241 22.558060449449414 136 158 200 0.03074665078530299 7 140 8 166 9 123
1460 3.7561000547010792 -5.2914984940246548 22.483714063512021 23 50 91 0.22038181996829764 7 186 8 236 9 177
1461 4.2633837151949887 -5.3180325151875438 22.598546518002223 34 56 81 0.14460050636851232 7 187 8 237 9 178
1462 4.2311344883769308 -5.2955146190470161 22.669931010080081 34 56 79 0.095249544365444014 7 192 8 245 9 184
1464 3.4904260107846445 -4.7076124367608241 22.612937223086387 0 94 228 0.31025275211883202 7 213 9 211 11 103
1466 3.1028233321680849 -4.4834018026899907 22.719662629867546 14 111 219 1.5130383935606151 10 183 9 232 9 240 11 117 19 131 18 370
1467 4.0118109943099336 -4.3477664807750758 22.717097410121877 73 92 114 0.34256494166683171 7 248 10 195 9 250
1468 3.0176751340589365 -2.8456991755343837 23.067959906174092 55 66 89 0.24641509492750227 8 327 9 265 5 545
1470 3.3244346830837124 -2.1283685724757602 22.913837420204874 12 145 124 0.45269583896724236 7 295 9 292 11 135
1472 3.0205779637622765 -1.2924331999581866 22.875155966114718 56 64 78 0.21270152871429823 10 256 9 325 11 150 12 76
1473 3.3648096234827065 -1.3080513562048726 22.951191402232023 51 108 202 1.9204953445240438 8 378 9 327 12 78
1474 3.6841149081023681 -1.2088065838538848 22.92849103688371 54 119 204 0.21432400188587455 10 263 9 336 11 157
1475 3.796327031463242 -1.0426764099462549 22.968020938327594 0 30 75 0.30347840802000797 8 399 9 345 11 163
1476 3.1745772255707156 -0.25666828891688864 22.958486860863481 54 1 2 0.14935190892323411 10 284 9 366 11 183
1477 3.3576741947181596 0.24312855574985606 22.948899521853061 35 38 55 0.34122762978604498 7 365 8 428 9 381
1478 3.3517492246823251 0.31989817692697597 23.023189689576459 31 36 51 0.28623961531431141 8 433 10 298 9 384
1479 3.1777013185067449 0.50153526719389485 22.955283219768482 40 43 58 0.13379568987600746 10 301 9 391 11 197
1480 3.3150743862968937 0.52178812268237629 22.992184889227303 1 118 205 0.24432292516264095 10 303 9 393 11 199
1481 3.2054308896470975 0.68246673355518106 22.898188765211302 0 23 71 0.29002425229115836 7 379 8 440 9 398 5 165
1482 3.1938551145104723 0.7526946152409919 23.218671149855776 0 21 60 0.16456528535972617 7 380 8 443 9 400
1483 3.1123720024508552 1.9127239756463907 23.167510501797043 33 7 13 1.8481683003005498 10 354 9 453 5 178
1484 3.8911941163404009 2.0943313415083327 23.206781474300623 77 93 121 0.13372982529843902 7 428 8 493 9 458 11 516 10 864
1485 3.4614372999102669 2.7377123439832083 23.137268891066611 113 164 240 0.1284412861866856 10 364 9 465 11 246
1486 3.7526534997940817 2.7370683485455003 23.195884465906932 103 157 234 0.12695387472538169 8 505 10 366 9 467
1487 3.3926853943914019 2.8986987168148759 23.215382968806772 151 207 255 0.16268139678274843 8 1150 10 375 9 473
1488 3.8344736078267889 2.886698502571841 23.214441940882438 150 208 255 0.15233941013430799 8 513 9 474 5 187
1489 3.6129766446208995 2.9060510053779494 22.616850850814334 88 142 217 1.66860282940098 7 1030 9 477 11 252
1490 3.4664668895589967 3.0235097052964086 23.111861653119188 83 134 207 0.09957842443284548 7 453 8 519 9 479
1491 4.0083175714770096 3.0883045544157688 23.32067857105152 55 74 101 0.085115630521553839 7 465 8 529 9 489
1492 3.2948698148836457 3.3368551992651296 23.18872953954795 60 64 79 0.57693200015741197 10 392 9 493 12 148
1493 4.208883328070784 6.475117543100569 23.76818334933289 2 0 4 0.2494561381376679 8 593 9 568 7 510
1494 -3.5779263758031408 7.9177017675622441 20.309379003957435 51 42 33 0.99854047555237702 7 522 10 458 9 583 11 322
1495 -3.6380213709470679 8.0529319380272657 20.495560434129331 47 39 30 0.90270433508286518 7 523 8 604 9 585 5 238
1496 -3.8004590655706871 8.2544037109472423 20.187164514422548 38 28 20 2.3641141197551261 8 618 9 604 1 169 3 200 2 186
1497 -3.7954577953062842 8.2584271156627409 20.183983181334202 38 28 20 2.4648006902800383 8 617 9 605 1 170 3 201
1498 -3.3761332476844412 8.5085233240313265 20.956387114990122 134 114 98 1.2356643335034205 7 542 8 620 9 611
1499 4.3517486053990115 7.4987508516363599 22.137428340217188 136 133 137 0.080190321180897653 8 649 9 622 7 568
1500 4.3500258541588925 7.5001958090345893 22.148772167150625 136 133 137 0.35030829440203254 7 567 8 650 9 623 5 264 6 439 23 527
1501 3.8437607139062289 7.6694688540759435 22.011786924409009 34 26 31 0.38885334976729707 10 489 9 630 11 330 5 270
1502 3.7408481425697651 7.731227503401418 22.059703702028116 59 53 60 0.25307612942481805 8 658 10 492 9 634
1503 3.9032884139862376 7.7094393153788285 22.045895299032235 53 50 62 1.0267227476191139 10 496 9 635 5 273 12 207
1504 5.7340167087980412 7.4835969546182346 22.447026125070913 116 120 122 0.23742409888481722 7 1092 8 666 9 637
1505 3.662373146487055 7.7885419380761007 21.993269150342041 87 211 240 0.23446269086978833 8 661 10 501 9 641
1506 3.9432359378334696 7.7464009419993296 22.026495093277614 0 20 47 0.67659422009676085 8 664 10 503 9 642 11 336 12 407
1507 6.1822626879484606 7.601701939783668 22.31719433821765 96 96 96 0.17986096834009305 7 1101 8 696 9 674
1508 2.8388421923582561 8.3846744768134176 22.166444766018873 46 35 27 0.39261964570027841 10 534 9 687 5 284 4 208 12 228 3 216 1 183 2 198
1509 5.8838596344865852 7.8104391483343081 21.770102554624899 117 129 138 0.51320490203909397 8 725 9 709 7 616
1510 3.6324326879895201 8.044929790236564 21.010796840615473 83 82 91 0.57321578935234863 7 613 10 976 9 711 5 647 6 468
1511 5.8427545603294542 7.8855455095009219 21.360565863088471 102 106 110 0.3136322930956304 7 626 8 736 9 726
1512 4.6152513134968878 8.2214494761961809 21.207173262631986 106 219 251 0.34531163128700354 8 740 9 732 11 605 10 565
1513 5.7072591068993104 8.0376046311283016 21.082112092075278 47 51 59 0.24811680204938416 8 744 10 994 9 741
1514 5.6969466548336252 8.0401785199764095 20.987364683782566 0 14 42 0.17559035709678586 8 750 10 570 9 743
1515 4.043255981109394 8.3719169279098882 20.339062939034012 127 128 141 0.25847722877462531 8 766 9 755 5 305
1516 3.9684729310310813 8.4008639165539218 20.317967278191528 42 40 54 0.18778394073565888 7 649 9 758 5 306
1517 3.9110238052065793 8.7413563777170058 19.113828170090724 113 110 122 0.91165073208891478 7 675 8 805 9 785
1518 4.0273215296686145 8.8721072649420023 19.424908556965171 117 121 146 0.18060985302267621 7 679 9 786 8 806
1519 4.119938358878998 8.8002081533358432 19.330106220106725 48 54 77 0.27221917209505192 7 681 8 808 9 788
1520 4.0756905698172732 8.8479880419709254 19.291691286439622 48 45 60 0.033860170132775022 8 821 9 794
1521 4.5879135325375753 8.8356070616169564 19.486426130807562 43 43 43 0.27763912588304679 7 698 8 827 9 799
1522 5.6320320630381167 8.7675238776143427 19.891746994055254 25 30 41 0.34315080803125153 7 699 8 829 9 802
1523 3.9743243028897992 9.306847363499827 18.571391240188067 67 66 71 0.34004428778789664 7 711 8 841 9 812
1524 3.9891612082505676 9.2458006208135544 18.394820017760974 91 95 103 0.40291952853255097 7 713 8 843 9 816 5 347
1525 4.050659724835378 -6.4025197274443375 22.629492004158351 140 160 189 0.11877489865589598 7 1377 9 984 8 1556
1526 3.7530600097347846 -6.3569624982571993 22.555733110738323 148 169 207 0.41429654280490691 10 746 9 988 11 432 9 133
1527 3.7996866118751953 -6.3265759415376852 22.569967618863338 38 55 86 0.29455184720935201 7 885 10 1185 9 991
1528 4.2527184601424937 -5.8586987837985092 22.005214411603436 35 52 77 0.92424661024482402 7 891 9 1000 8 199
1529 -4.3256540046719421 -4.1013581793604938 16.485888202139986 35 48 54 0.40387541418929734 7 905 8 1049 9 1024
1530 4.1976427792194162 -4.7594149369538243 22.664645158033977 165 193 244 0.1085346100469667 8 1062 9 1041 7 922
1531 3.1528981782386665 -4.7043894725597442 22.507602356551832 1 43 96 0.32570494304896519 7 920 8 1060 9 1046
1532 4.1987267838118436 -4.6443234319406272 22.736656146563885 160 190 241 0.26190573633730319 7 931 10 789 9 1059
1533 4.3900917367940524 -4.5786732284739653 22.709325967309798 169 199 254 0.068341057455574936 8 1080 9 1067 7 938
1534 3.6243919971226455 -4.2530720431982507 22.698676796693491 0 82 193 0.28083276669384866 7 946 10 197 9 1070 8 1086
1535 3.8653251627235883 -2.6029102941148374 22.887514054990561 58 66 49 0.31480603495010834 10 809 9 1080 11 473
1536 -3.7439772648612433 -1.5707171953687811 17.155885907590708 121 129 142 1.7544364767149656 8 1591 9 1083 7 1413
1537 3.5704104398099785 -0.62425429509027519 23.016375134557403 17 7 16 0.56735134502535101 7 978 9 1100 23 463
1538 3.2532690276828227 0.63134644878688062 22.890727133105248 3 126 227 0.27778426419992314 8 439 9 1113 5 164
1539 4.155627557006655 1.9258818812036429 23.109585867911932 44 52 74 0.47241685012897344 7 1008 8 1141 9 1121
1540 3.4985314773915905 2.7032840305925721 23.152851247919269 156 212 255 0.17218238326592944 10 870 9 1127 11 521 12 350
1541 3.6586179190454402 2.6929898798969782 22.892562853650315 150 205 255 0.91157174162691645 8 1147 9 1132 7 1022 23 223
1542 3.0858525921802111 3.0928325177178513 23.132444609182869 50 55 66 0.12077289638541838 10 885 9 1138 12 365
1543 4.1493682155810232 3.1491966984077058 23.333402481255241 2 11 32 0.12244272031563834 7 1039 8 1159 9 1148
1544 4.1493682155810232 3.1491966984077058 23.333402481255241 2 11 32 0.12244272031563834 7 1040 8 1160 9 1149
1545 3.9685000844092158 4.0729768567367204 23.314210654050889 0 27 64 0.30413358454062833 10 897 9 1154 11 550
1546 3.8204742081393879 4.1097207145990629 23.271899241095458 44 83 136 0.39619279782437306 8 1171 9 1155 11 551 17 249 18 426 24 353
1547 4.093708275241859 6.6877265696404278 23.577196844718717 32 26 33 0.92516651025274277 10 1266 9 1167 11 1058 19 1005 20 633 12 1047
1548 2.7477741805708851 7.1819755718872136 23.159366424513021 92 78 70 0.64459131022740945 7 1065 8 1194 9 1171
1549 2.7832140605089606 7.6947140658655373 22.931332158386692 27 13 10 0.36296371504093211 8 614 9 1174 7 1078
1550 -3.380762331625617 8.5211276937731846 20.859239124490522 131 119 108 1.2221998133148333 7 543 8 1208 9 1184
1551 3.5580449065504496 7.6798818656121428 21.988078271440493 15 9 20 0.4584758343109725 10 946 9 1188 11 823
1552 -3.3955091825031398 9.0448845357453624 21.366255044622353 157 134 108 1.3259863383953814 7 1082 8 1642 9 1190
1554 4.2659569012563692 7.7794308434585586 22.064026222375034 17 248 255 0.63235137490273907 8 1229 9 1198 5 280
1555 5.8981729585074953 8.138615616731478 21.614724589298881 101 102 106 0.25823158701479043 7 637 8 1256 9 1231
1556 2.9111320871820792 8.715117933915181 21.184456556218272 32 22 13 0.16278265436771705 7 636 8 741 9 1236
1557 5.4278689873264119 8.3005049196053289 20.651763963387907 124 128 132 0.18397303185765027 7 1122 8 1269 9 1245
1558 5.373305865137648 8.2964709008215785 20.424956080551869 29 26 32 0.21921544463555476 7 662 8 1270 9 1248
1559 5.086723065047817 8.5404883002085761 19.365344890978761 46 36 32 1.3645780442366124 7 678 8 810 9 1268
1560 4.0866184491241677 8.8199921123415059 19.313404247970457 120 128 154 0.28297920316818986 8 813 9 1271 5 673
1562 4.3097626017001405 9.2091600697786813 18.489212754760029 53 49 47 0.36818878887347567 8 1324 9 1288 5 688
1563 4.1615426094891381 9.7801942595549498 17.537419616038658 60 69 70 0.26124788295192819 7 1169 8 1337 9 1300
1564 -7.080450079631639 -4.6843459886739751 14.994969111302892 51 59 68 0.41026911280341066 7 1365 10 729 9 1433
1565 3.204129799187001 -6.3386362177183289 22.507056649931396 33 52 84 0.81673834080998409 7 1379 9 1445 23 361 19 578 21 264
1566 -5.7760360650474949 -4.0624041632722934 15.708084589110364 208 235 234 0.29050469255576655 7 1386 8 1562 9 1451
1567 -4.2309679179762707 -3.9974441793871103 16.263646315783333 106 123 136 0.33447604567343331 7 1394 8 1861 9 1457
1568 3.1787612008144901 -2.5736870584399139 22.817880179692533 138 142 140 0.097529197007134139 10 1215 9 1478 11 751
1571 -3.7012454775981398 8.0324429696186872 19.965083276249896 80 70 64 0.64687311240692069 7 1467 8 1635 9 1516 4 435 3 192 1 370 2 405
1572 4.6228809681248721 7.4803102635050509 22.317630252887767 4 1 9 0.44626057949394082 10 1273 9 1524 11 1062 7 1740
1573 3.6678822586352076 7.588809263581525 21.955258599074543 88 89 87 0.18040797839349149 7 1472 8 1216 10 1275 9 1525
1574 3.7655591410816909 7.6614708847533315 22.004767079884111 33 30 34 0.17661309376089138 10 948 9 1529 11 582
1575 3.563604609583809 7.8382127820608805 21.692789099518912 7 1 2 0.22341686460772292 8 1230 9 1533 5 979
1576 4.9449337130193927 7.704812716725348 22.03978551433617 0 12 42 0.23656072496167849 8 1649 10 1285 9 1536
1577 6.1049745705862097 7.5610020601509031 22.278718670178502 72 68 72 0.20353990235869945 7 1485 8 1651 9 1538
1578 6.1049745705862097 7.5610020601509031 22.278718670178502 72 68 72 0.20353990235869945 7 1486 8 1652 9 1539
1579 5.7160868125115361 7.7471612132650503 22.189662543334425 1 221 255 0.25849448051697393 8 1654 10 971 9 1545
1580 4.0159978466709463 8.4324255663051915 20.397695344499425 47 40 52 0.32061996946972821 7 1118 8 1267 9 1566 5 985
1581 3.994806795932528 8.8166793133382644 19.40801101076206 48 47 63 0.22452446022229489 7 1130 8 1693 9 1577 5 665
1582 5.6887309862695483 8.775276744202106 19.837189805925089 12 25 46 0.2186524687306155 8 1696 9 1580 7 1503
1583 5.6145747601744898 8.807769948437242 19.718136809384188 112 118 127 0.25105496786334597 8 1302 9 1581 7 1144
1584 5.8028955581425441 8.9042785404719869 19.902933398123828 109 108 117 0.42531478584790422 7 1147 8 1307 9 1584
1585 5.8028955581425441 8.9042785404719869 19.902933398123828 109 108 117 0.42531478584790422 7 1148 8 1306 9 1585
1586 3.9061376394823348 9.2832432668654441 18.431083324733542 56 45 43 0.97975601431188852 7 1512 9 1592 5 685
1587 4.4410182883934102 -5.8387911024478694 22.600523214809936 159 181 218 0.12672735851846453 7 1650 8 1858 9 1745
1588 -7.4183130576146921 -3.106295392279331 14.897680059259857 32 34 39 0.45519615298266064 8 1870 9 1756 7 1656
1589 3.6913100030504178 -0.16331716716725703 22.974977596290152 203 192 223 0.15788083444933873 8 1896 10 1477 9 1785 11 1011
1590 3.1321864568156963 1.8487363244378638 23.087379235937881 171 88 90 0.37129604246821152 8 1905 9 1791 24 707 23 882
1593 3.6721300172147213 3.91293022386232 18.646978044457121 5 18 42 1.1737561002923353 8 1935 9 1821
1594 3.4754317479100618 4.8254674315525019 21.988242672562095 4 16 47 2.2626783902978636 9 1823 12 571
1595 3.577652185407235 5.2105868134234115 23.36498325997206 4 17 44 0.19013513390276815 7 1723 8 1943 5 960 6 1206
1597 3.6248052250341196 8.1482754421202994 21.04039921264237 13 12 17 0.3068428929941584 10 1757 9 1853 11 1236
1598 5.7523994132507177 8.8189632766115 19.856415806139214 114 129 143 0.37193977268999684 7 1754 8 1984 9 1871
1599 3.7251710108382619 9.1647518468244762 18.679329322771437 14 7 6 0.3601204977673142 7 1758 9 1875 8 1992
1600 -6.3673985457029945 -4.8248529087837184 16.083131455921084 148 162 171 0.31265655674504034 8 2101 9 1997 7 1849
1601 -6.5437695759852978 -4.8345819801671324 16.196862441582358 104 125 141 0.33440967967001062 7 1645 8 1846 9 1999
1602 -6.5437695759852978 -4.8345819801671324 16.196862441582358 104 125 141 0.33440967967001062 7 1646 8 1847 9 2000
1603 -2.4453381586525849 -3.9619592088092435 16.072329276539804 76 86 93 0.58540373549377656 7 1652 10 1434 9 2007
1604 3.4411459138478211 -4.8199374049748647 22.669588159249905 40 121 241 0.66188178715796531 7 1864 8 2112 9 2011 23 830 17 588 22 447 21 367
1605 4.1248749509557836 3.1585349698729708 23.238692757424115 9 19 37 0.25618260315683472 7 1896 10 1721 9 2037 11 1204
1606 3.4812109376801033 5.2073434295773673 23.338049185485314 163 190 234 0.11644433617724725 8 2150 9 2046 12 921
1607 3.8550558352291153 5.1872496038071656 23.310421132201757 156 191 234 0.03121301311685477 7 1911 8 2153 9 2049
1609 4.1470344089923783 6.3625539479948623 23.438684371078807 3 0 6 0.38672316640995991 10 1524 9 2059 12 758
1610 3.7522207204219495 9.0638675419404411 19.034909269633914 16 12 31 0.38161843310975424 8 2357 10 2009 9 2082
1611 2.9454276153891059 9.6310821821190071 19.546790390865649 141 120 98 0.33189681668849019 7 1757 8 1988 9 2083
1612 5.2532951863676862 9.8817398889417039 17.751185907610822 51 39 42 0.58781940887414963 7 1950 8 2195 9 2098
1613 -6.5294987840391387 -4.4318371966067618 16.68046848818431 58 71 77 0.56708127856291413 7 1852 9 2204 8 1853
1614 4.3622167564259433 -4.7429179204625651 22.685799143445369 48 91 161 0.11724985120445786 7 2049 10 1941 9 2220
1615 4.3622167564259433 -4.7429179204625651 22.685799143445369 48 91 161 0.11724985120445786 7 2050 10 1942 9 2221
1618 3.5791688281012175 5.2930160495249403 23.325607463638956 5 12 24 0.05551407568451238 7 2090 8 2339 9 2259
1619 4.3107470215510091 8.1683101566789844 21.093094592330193 0 3 18 0.52782910689746421 8 2173 10 2003 9 2276 11 1408
1620 3.0277977059056176 9.5021433000342181 19.185663124019566 25 15 9 0.12940327926542183 7 2106 8 2360 9 2288
1621 6.259664055762153 9.3431331349851146 18.920814690268017 101 110 117 0.39220633484347728 7 1944 8 2189 9 2295
1622 -6.2738132348483129 -4.4253572442095646 16.193173309609758 142 161 177 0.45157282992287479 7 2470 8 2759 9 2483
1624 -2.3271796686144124 -3.929076388064499 16.048600628119022 168 179 185 0.48501258322609786 7 2262 8 2544 9 2490
1627 4.8939848717492724 8.6131681998876033 20.145163989009564 8 9 17 0.37991460146542333 8 2596 10 2297 9 2531
1629 -4.4800278411923129 -4.3577121342958929 16.172979658008629 66 79 81 0.57090678721489863 8 2760 9 2719 7 2471
1630 3.1693955792085093 -5.4366756464951758 22.802288505031626 95 144 222 0.73059823524140133 8 2772 10 2234 9 2729 7 2666
1631 -7.5243051416713111 -3.3774707770809558 14.95540620450549 110 117 116 0.41740062010821011 7 2482 8 2773 9 2733
1636 -7.630513289101807 -0.67553468842523978 15.389265963447274 175 162 160 1.4185134602889451 8 2811 9 2771
1637 3.3310496055003607 2.0477311598074044 23.100775803073997 58 73 106 0.69473187650871493 7 2301 8 2820 9 2780 11 1622 10 1976 19 1200 18 1258 20 884 12 1419
1638 5.6602290335969681 7.5450617822597659 22.868298313723738 23 21 29 0.45689601476580605 8 2825 9 2782 7 2536
1640 -7.8312953237831877 -2.9941258786522393 15.486996729020994 47 45 51 0.7974860093173527 8 3076 9 3042
1641 4.292718469182109 -4.6646292473625754 22.660182178784424 10 48 120 0.090081309399641082 7 2778 8 3078 9 3045
1645 3.597151169065512 0.17129844465392227 23.09746375385588 19 24 41 0.50144535660789058 8 3180 9 3141 11 2219
1646 5.3553263476373374 8.8034159960369021 19.616996538362855 32 32 29 1.026054485339801 7 2804 8 3100 9 3150
1649 3.412941437939931 -5.1161054926406626 22.786131948816571 33 46 67 0.75936211891932659 7 2930 8 3229 10 2961 9 3201
1650 3.7930115643257052 -0.82501462827627681 22.794290539091413 12 23 44 0.53510798109864754 7 2943 8 3240 9 3219
1651 3.9313064150746762 -5.914414053850666 22.546735768086823 39 52 73 1.0073497185674238 7 2974 10 2998 9 3241
1652 3.4396563229232235 -5.5319681434841979 22.451444429152843 98 147 223 0.64806617591202209 8 3267 10 3000 9 3243 7 2976
1654 3.0146886830520865 6.9071377289110591 23.621349032918108 16 15 22 0.51300819195103387 7 3001 10 3024 9 3263 5 2286
1656 -3.9367565749087587 -2.0940941309550332 15.524087803700283 18 30 43 1.4470912892606946 7 3043 8 3323 9 3287
1657 3.143457613869534 4.5978673105670245 23.30713389726559 15 15 27 1.3248570525616536 7 3036 9 3297 11 2334 5 2305 23 2729 22 2058 18 1667 24 2120 21 1699 17 1364
1658 3.1328197667643649 -5.9425889129446148 20.351784778012124 46 62 84 1.5749379352670587 7 3057 8 3331 9 3310
1660 -3.2857229078942889 -0.71659308736315264 12.381801431217683 27 35 48 1.9022689687162817 7 3085 9 3334
1661 -3.2857229078942889 -0.71659308736315264 12.381801431217683 27 35 48 1.9022689687162817 7 3086 9 3335
1662 3.6727604138843786 -2.0904974343428395 22.480766503007676 120 120 70 0.72994076521165729 6 194 8 352 9 293 7 965 10 227
1663 3.7035593977959667 4.0282783895697758 23.284859429501168 51 89 140 0.21199159620777866 6 372 7 486 9 520 10 414 8 1170 11 275 5 204 17 119 18 424
1664 3.5071106778955561 0.56879153323051823 23.044741715273567 92 204 255 0.36303483215465499 6 284 8 1124 9 1111 10 849 18 402 11 503 19 441 12 338
1665 3.7101465758100254 -0.36460727046179475 22.988448021750266 218 110 89 0.65359073422012026 6 1587 7 1886 8 2130 9 2032 10 1971 18 987 11 1190 19 1087 20 597 23 1060 22 674
1666 4.0736782555869695 0.052695533607667336 23.126180683217736 7 13 25 0.76923946043350711 7 1427 10 1232 10 1710 6 1589 8 1898 7 1690 9 1491 11 1014
1667 4.5894822271483573 5.0018527604492533 20.33016913003841 56 57 62 0.5935996103712049 7 503 9 554
1668 3.8554577205801146 5.1909617067800751 23.326086778760235 156 191 234 0.0016689683230691546 8 2154 9 2050
1669 -4.0520675782785007 -4.0309779068641642 18.093565514756591 34 46 59 1.4673938427341344 7 3068 8 3341 9 3317
1673 3.7883668291025936 -6.482628722026397 22.535691070282432 43 57 79 0.26536619866667305 7 118 11 51 8 134
1674 3.5048175100558647 -6.3688607445806902 22.539534296861433 124 140 161 0.36641670001296145 7 880 11 64 19 361 23 48
1675 3.7490292198345552 -4.8668743396122469 22.683192113325962 31 98 183 0.11521508755057579 7 205 11 94 19 81
1677 3.4457786625345266 -4.3622351917346309 22.692093025018355 34 142 254 0.56003017510334696 10 191 11 119 19 135 12 42
1678 3.6725961335963477 -1.4592959903778606 22.899201614872172 76 136 219 0.59267620155732748 7 311 10 826 11 148 19 153
1679 3.6857626277013087 -1.2733359785603819 22.938954447283574 58 114 199 0.15478962020672266 7 328 10 262 11 153 12 80
1680 3.7342674339887592 -0.19958069103759093 22.935619787314838 162 136 162 0.22178905661032852 10 290 11 188 19 170
1681 3.5020740250282243 0.52593897095791842 22.995574066062613 2 97 232 0.70337418816892205 9 394 11 200 19 174 12 336
1682 3.6804516040427582 0.55172494942274553 23.079712514804978 0 113 234 0.19416663617046181 7 378 11 201 12 101 20 66
1683 3.5779460502368079 0.97531115593818352 23.03251331097653 0 128 240 0.23511588017453378 7 385 11 206 19 444 17 90
1684 3.5645765305330261 3.0899768657386901 23.19388240123881 86 129 197 0.12625661623231102 10 385 11 259 12 144
1685 3.5664416405384705 3.0924373080733889 23.213605672701302 86 129 197 0.099208731673968001 7 460 10 384 11 260
1686 3.4518667317580416 3.7645648968889347 23.243915444534615 33 56 99 0.28938244910777627 10 397 11 269 18 422 19 467 20 336 17 246 24 349
1687 3.5764397145836289 7.624947074656772 21.986115591403706 70 61 75 0.4632172031205648 7 566 11 325 5 263
1688 4.0007584385044863 7.7545668029706931 22.069237655098977 0 6 54 0.38093040441187581 10 504 11 337 12 208
1694 3.1415154279450488 -4.392459131485106 22.720726585985421 0 92 196 0.51079181777307181 9 1068 11 459 19 411 20 169
1706 3.567469516735446 3.7529117984221494 23.314629873740461 29 63 94 0.67865113758084539 10 1250 11 784 12 734 10 1499 18 757 17 499
1707 3.5808943624240483 5.3804024909686925 23.346385449269764 6 25 47 0.050538392250960074 9 1833 11 805
1708 3.6648652070280399 7.594285866391032 21.983348201288806 82 78 82 0.26534054983261313 7 1473 11 819 5 975
1711 3.6085232777846143 -0.53400726746905358 22.992523540788163 195 96 87 0.16690985335692585 10 1469 11 1004 12 707
1712 3.5686691849642411 0.92452034589969956 23.055365418882921 103 190 255 0.13870544530605575 9 1497 11 1019 5 1163 12 716
1723 3.7328798879626208 3.7490998193446625 23.227600581952611 50 89 137 0.58935930053393992 7 1711 10 1724 11 1207 18 759 5 1180 19 978 12 909 17 498 22 509 24 733
1724 3.7312422650825887 3.7486626601635398 23.214801551033055 50 89 137 0.61902735958516242 7 1712 10 1723 11 1208 5 1181 19 979 12 910
1739 -20.296196452559073 -12.883583553111993 101.87815863273704 118 106 102 0.88663063093547778 9 2230 8 2314 7 2062 6 1750 5 1499 23 824 4 1141 3 1110 1 992
1740 4.0743622633372993 1.2018482519984586 23.098505136148493 10 17 39 0.99789016312389556 10 1973 11 1377 19 956 20 473
1741 4.0204728181631637 3.1544964932851181 23.170966871720619 11 18 42 1.1774099231924258 9 2525 11 1382 19 1203 18 1108 20 888 22 685
1768 3.3337303290183171 2.0479894426623639 23.113624143763985 59 67 95 0.71648149139836326 7 2302 10 2288 11 1621 19 1201 20 883 12 1420 23 1253 22 1028 6 2189 24 1253 21 785
1769 3.0957913474524825 9.3630267472997293 18.923167734934399 129 115 104 1.0025213030855566 10 1771 11 1633 12 1215
1915 -5.5831910405902887 7.9592745254196631 20.524520386622882 33 32 39 1.2757773250636466 10 3085 3 1856 1 1743 2 1791
1916 3.4451990374394534 -2.5679943312110649 22.884063055035178 12 75 201 0.44489181787758791 6 178 7 280 11 128 8 340 9 278
1917 3.3013045804968533 -1.0493910654966474 23.005253317594388 76 154 213 0.51508595250043632 6 238 7 336 11 160 10 267 8 396
1918 4.0736782555869695 0.052695533607667336 23.126180683217736 15 17 30 0.76923946043350711 7 1691 10 1233 8 1899 9 1492 7 1428 11 1013 10 1711 6 1590
1919 3.8623339441924545 3.9214622116840645 23.274146684612397 49 85 124 0.64348419484331498 10 1504 8 1931 9 1814 11 788 10 1256 8 1622 12 557 12 737
2012 -3.6834897544008114 8.0570353639163166 19.809760462399655 64 59 52 0.50067825790502063 6 412 5 244 4 194 3 196
2013 -3.7374916253541777 8.1755634741598993 19.928410872789705 66 61 54 0.6466577964171929 7 1074 5 248 8 1205 1 171 2 187
2014 3.9670472195274296 8.8642602059297904 19.407040225554557 106 101 98 0.40483514065545867 6 498 9 784 5 322
2015 4.3601873476970452 8.8709441502196569 19.423447813306087 35 30 25 0.095808691537411506 6 521 9 801 5 336
2016 2.8426864284080287 6.728302496184015 23.448163193656537 57 55 53 0.31338499582932294 6 850 9 571 5 617 4 428 1 580
2017 -3.5711154766676771 8.0372515368912456 20.150576679273097 82 75 67 0.82790322332600186 6 409 9 591 5 628 4 190 3 190 1 165
2018 -3.6406236480074727 7.9988594448167616 19.89084063124416 36 29 24 0.60518245696602591 6 861 5 630 4 437 3 446 1 167 2 407
2019 -3.6483804938394671 8.0073542693307118 19.913829418881434 36 29 24 0.59518759542558519 6 862 5 631 4 438 3 447 2 408
2020 -3.7248031983110677 8.2385118149152277 19.70879964860638 64 64 61 0.41672061564535667 6 868 5 634 4 441 3 452 11 597 1 374 2 192
2022 4.0250273569040989 8.8381562491850012 19.352738978092074 96 91 88 0.068634404491631648 6 502 9 787 5 671
2024 4.1300857753487374 6.4598861417505979 23.455535831318723 6 1 2 0.561214174538615 7 1458 5 964 8 1630 23 283
2026 -3.6074012397159012 7.9044520224679333 20.180521342149522 75 68 63 1.0597340982693859 6 1476 5 970 4 727 3 717 11 574 1 584 9 1843 2 666
2030 -9.2013358131262972 6.5588060180391849 19.110493071089206 193 169 131 1.0782078823795389 6 2675 2 1787 1 1739
2031 4.1891683523698777 6.5693891469038359 23.35095054218425 53 44 47 0.78412545948584789 6 1212 7 1460 5 1206 8 2160 9 1841 12 934
2032 4.514792870467728 8.8134979971266976 19.53477043613691 97 91 90 0.2797403391366991 6 511 7 691 8 815 5 328 10 594 9 1272
2033 3.8521634369431563 5.1983574575997364 23.366089107141818 154 195 255 0.1049236303776882 6 1615 5 1351
2034 3.5769950149374328 -6.3472533945945377 22.496360247314694 147 167 190 0.52231586267512764 18 312 19 46 20 155
2035 3.7537577375768278 -4.8400263152211735 22.701315578223667 1 57 150 0.30407746723522772 11 97 18 92 19 84
2036 3.7676797017707573 -4.8067529516847118 22.711511453157705 6 95 194 0.26916931547426615 11 101 18 94 19 93
2037 3.2113254226329024 -4.7983053338162787 22.647445034493458 54 104 160 0.43837636446892952 18 345 19 94 23 81 7 206 17 184 22 45
2038 3.1652271197766155 -4.5357922637753711 22.673034004597522 5 116 244 0.20036339480238707 18 120 19 126 17 45
2039 3.4274804503048033 -4.4655536917024445 22.641443784651059 77 139 222 0.30974900850271814 11 114 18 369 19 130
2041 3.2751387130370784 -2.3713624458762732 22.798457692340193 48 120 101 0.57303184664044227 18 141 19 149 20 50 17 62 22 169
2045 3.3854301235325739 -1.2026836944295798 22.959573151427293 57 114 199 0.064754238859428798 18 154 19 159
2046 3.5946223159614461 -1.1475993681106078 22.968121625360023 52 117 200 0.151046419898235 18 156 19 162 17 83
2047 4.0322354534458924 1.6457607642390024 23.03102815562233 11 19 31 0.16333406076376547 18 170 19 182 20 202
2048 3.8023106538630196 2.7383434496082235 23.253625027916495 90 147 214 0.1339173687033017 18 180 19 195 17 105
2049 3.3982124700374814 2.7844437640156148 23.128437782154553 154 211 255 0.1701330237417594 18 181 19 196 17 106
2050 3.3982124700374814 2.7844437640156148 23.128437782154553 154 211 255 0.1701330237417594 18 182 19 197 17 107
2051 3.5883061408419827 7.7453778851537622 21.589384441048878 72 62 59 0.27817890663619388 11 592 18 459 19 255
2052 2.8770110946879806 8.3474882019554446 22.129334919518701 45 42 46 0.53415558799103502 11 354 19 276 20 112
2053 3.6460317757041532 8.0787545124112654 21.175381714693142 11 1 11 0.76482170553968698 18 464 19 280 20 116
2054 2.9307460747306981 8.770322132002649 21.254008007537266 63 61 59 0.27642356742461988 18 250 19 296 20 117
2056 3.0924942752266564 9.8503807079218166 19.060600134828913 101 88 80 0.74833733251649492 18 485 19 336 20 133
2058 3.4345441537403865 -3.7766472978298209 23.036268288786314 136 170 224 1.1853831796398657 18 135 19 421 20 173 17 201
2059 3.2196500357444813 -2.1692054011612805 22.789088378518681 21 122 104 0.38321478691701966 18 145 19 427 20 53
2060 3.4557226500876994 -2.0809176281044119 22.885001490106028 23 123 101 0.21427391358912587 18 147 19 429 17 66
2061 3.2527817444898015 1.6892983906453212 23.062014873695546 57 69 87 0.55299888753536808 11 774 19 447 17 229
2062 3.4759384730938541 2.7037444469120326 23.105029933063889 145 205 255 0.12648192965967045 18 406 19 451 17 233
2063 3.4456107645471277 2.7432057676500863 23.156988887751485 101 160 227 0.23147538933768455 18 408 19 452 17 234
2064 3.784241463452394 2.7710419170175271 23.148778652680139 147 211 255 0.15619028904005569 18 409 19 453 17 235
2065 3.4090130301690107 2.837306575550623 23.21147942549436 100 157 220 0.41049283867857556 18 412 19 455 20 212 17 238
2066 3.4408652064813401 2.8468689543714927 23.325218307270411 100 157 220 0.24028435483878754 18 413 19 456 20 211
2067 3.3829455603780847 2.8956417162902635 23.147433532390696 153 209 255 0.15967547340775967 18 183 19 458 17 108
2068 3.3883124877018562 2.9422775147159732 23.139611679376301 92 146 206 0.108445264422581 18 416 19 459 17 239
2069 3.878897465505819 3.0520728617707089 23.486324810518404 75 131 193 1.1660311801882592 18 185 19 461 23 234 17 112
2070 3.4557960610826384 3.0395143132827775 23.189237363557432 82 134 198 0.1638839187372558 18 418 19 462 17 113
2073 2.7199934294198127 6.839917396353651 23.596226271421514 59 58 55 1.0976490549887776 18 437 19 487 20 86 21 85
2074 3.670737439765392 7.5908876212938887 22.000612350519763 84 72 80 0.096171186941930831 18 447 19 500 20 239
2075 3.6702464294928596 7.5901606931617405 21.998612319484895 84 72 80 0.1104233557762595 18 448 19 501 23 730
2076 3.5992520365300074 7.627002964151405 22.008617542463814 57 45 53 0.11898021582795847 18 451 19 505 20 240
2077 -3.786025832742494 8.2625452822273449 19.766080534342731 77 67 65 0.76735551280971837 19 523 21 312 18 253
2078 3.3286340449631271 -2.5261853177599161 22.669038031409205 179 172 239 1.6417251514845077 11 474 18 383 19 626 23 442
2079 3.2750123416545103 -2.4836540731691494 22.487620130927557 179 172 239 1.9127642810463428 11 475 18 384 19 627 12 319
2080 3.1120239791666009 -2.3832214969026646 22.884613212792104 53 58 63 0.28703265130771005 18 559 19 628 20 176 17 340 22 73
2081 3.6140349466272133 -1.4049434442405075 22.90875399744635 70 166 252 0.24594382813128796 11 758 18 566 19 633 20 312 12 524 23 455 17 347
2082 3.6964563107379713 -0.16357212453789999 23.040416895447425 212 202 222 0.16113035026505049 18 572 19 641 17 355
2084 3.93741874613618 1.0480064362124462 23.073175974573434 51 59 71 0.27263181172308953 18 579 19 647 20 320
2085 3.93741874613618 1.0480064362124462 23.073175974573434 51 59 71 0.27263181172308953 18 580 19 648 20 321
2086 3.5690016755249574 2.6782927094625104 23.268010938418005 106 167 231 0.34540703634234321 18 589 19 653 20 330
2087 2.7750828363191857 6.5103199755854808 23.86403600674382 76 76 73 1.1363557351872136 11 564 19 673 20 225 22 105 24 178 21 196
2088 2.7823541246903241 7.4265766224963903 23.075057014824012 51 46 47 0.33262824916946143 18 780 19 678 20 356 17 637
2090 3.8271090577665938 -1.6626695651603987 22.872420572837399 3 38 74 0.48716375444109561 18 718 19 807 23 681
2091 3.5481721221694666 -0.33197171977259843 22.992408613775471 148 118 153 0.089487065529235396 11 1006 19 815 23 690
2093 3.5677480707400187 0.92337566736918464 23.06267172659285 117 201 255 0.063456263994679338 18 734 19 826 17 485
2094 3.662253195256973 2.6436147919117312 23.132337829146973 99 158 220 0.4338495159728098 18 748 19 832 20 482 17 489
2095 3.1016402331188311 3.0987013975487359 23.148550727755666 43 43 57 0.26883614222062679 18 754 19 836 17 494 13 406
2099 4.8342341393865818 5.9086375450715973 26.544992496180512 0 14 31 0.52631913588520418 19 848 17 517
2100 2.8101250486496587 6.3701027379442392 24.584775973615184 169 149 125 0.41917412840810037 18 776 19 851 20 628 12 757 17 518
2104 3.2035655932619571 1.9378330878703116 23.140369972486006 24 20 25 0.74947667334892887 18 868 19 960 20 604 17 599 24 895
2106 3.5891842891036738 2.7097474609401395 23.106708297249561 144 202 255 0.27745929270097763 18 872 19 964 17 601
2107 3.5349066093936625 2.738090162841766 23.191104342475398 143 202 255 0.20166673212625863 18 873 19 965 17 490
2110 3.7737080197328683 2.973197811372482 23.222060778215599 147 203 255 0.22319318119309864 18 878 19 972 23 1063
2111 3.5308345944079407 3.0431717642966181 23.2033201035822 150 202 255 0.2597195916874725 18 879 19 973 17 608 22 683 24 725
2112 3.6361527990680962 3.7831177591092309 23.250865298931735 150 200 253 0.30524864671594903 18 887 19 981 10 1727 20 609 17 614 21 500
2113 4.8391217827981929 5.8067749932909312 26.563918864454223 177 202 249 0.52854088621714546 19 991 17 627
2114 3.265656560891411 4.9425374596609659 22.011281858991065 172 192 240 0.95728709153205283 11 1217 17 624
2115 3.670007466841084 5.2022792483522995 23.343934556041066 174 202 248 0.096637257429360635 18 896 19 996 22 697
2116 2.9551950015720032 6.3913887194705064 24.455475089332829 139 145 149 1.8134757443690619 18 1008 19 1002 20 630 21 415
2117 4.0678085725232247 6.3371156912805375 23.451431010563699 38 30 35 0.33200740460558137 18 908 19 1003 20 499 12 932
2118 4.2319196366957996 6.4462226040084287 23.496325218280202 66 55 56 0.20360041433250223 18 909 19 1004 20 631
2119 2.7029534153020003 7.354411022628498 23.937806073894478 85 72 58 1.2677943251464834 18 1011 19 1007 20 500 17 722 21 299
2120 2.7361336101519287 7.310301416458743 23.451521339204916 20 14 12 1.0195247622417964 18 1012 19 1008 17 723 21 202 13 590 12 935
2121 3.5473131251535142 7.797885118406243 21.562430381747813 20 10 13 0.80828667948228039 18 787 19 1010 20 508 12 772 11 834
2122 3.8544364917643819 -1.9980771544796359 22.816759822751049 47 60 82 1.1603721881501294 11 1367 19 1081 20 591 23 1249
2123 3.8981549995098663 3.1743184448070578 23.218234767251182 80 107 147 0.35535586730626861 18 882 19 1094 20 732
2124 3.465923091916566 3.78607342707121 23.113812435290846 57 82 108 0.92433822332779725 11 1383 18 885 19 1095 12 1030
2125 3.7779112805263821 5.3023783682359849 23.384911901100097 1 15 34 0.093218892100331172 18 1006 19 1105 17 718
2126 3.5801785859291511 5.3011663741626718 23.343759348962212 5 18 39 0.10234831125712537 11 1395 19 1106 17 720 18 1003
2127 3.8475545671566294 7.7404882487577149 21.634854711655109 32 21 24 0.59824381888570388 11 1405 18 1020 19 1112
2130 3.8137152533049172 7.428818591923477 22.359206408116474 26 16 19 0.5663022308045168 18 1113 19 1207 23 1940 24 1521
2133 2.7690656314354736 7.4529356533080158 23.626449177168556 40 33 32 1.3328358910648319 18 1383 19 1371 20 894 17 1186
2138 3.4471726406242982 7.5404798399387527 22.234010944952725 31 23 28 2.0618273900076347 11 2151 18 1501 19 1705 20 1408 19 1632 12 1691 22 1770 21 1451
2139 2.9333352102014341 -3.482166057179076 22.752049404785399 36 48 66 0.55581029956690076 18 1587 19 1743 20 1546
2140 3.5538095382827657 -0.31029501205955357 22.972000305592459 151 122 158 0.11649839656403187 18 1633 19 1776 20 1593
2142 3.6273625331507882 3.9436029265038202 23.222902359780154 156 189 247 0.26107950652555734 11 2308 18 1641 19 1783 20 1600 12 1850 22 1967
2145 3.1191829851589872 -4.6740918187965343 22.670132054862169 4 46 98 0.4197606398931043 7 222 11 105 19 111 10 784 18 105 12 35 17 42
2147 2.761134355534578 7.2621897336716881 23.359154694652979 56 54 50 1.9654062253394322 19 491 20 87 17 262
2148 2.7665579714343305 7.5275690690198491 23.512124863003997 73 68 67 1.4060692460267032 19 493 20 88 17 264
2149 2.7208664684679915 7.4752058768564655 23.311167391688738 73 68 67 0.48628363760731119 19 494 20 89 21 88
2150 3.5744755717390619 7.4821416720973097 22.293400577832841 63 52 57 0.55181032007130359 18 443 20 92 21 96
2151 3.7012286158159955 7.7018664030123052 22.03059243607181 65 42 41 0.42785704157770005 18 208 19 243 20 101
2152 2.900979370717387 9.1294858389181996 20.3695279612345 113 100 90 0.56478235023329759 19 312 20 122 21 119
2157 3.5397708138819652 -0.53500990116269387 23.003104759479708 184 102 96 0.5481101716595933 19 638 20 191 23 465 17 351
2158 3.4096403749593671 1.0406429285786598 23.008554291261358 6 137 221 1.4238522385287946 18 403 20 199 17 91 19 175
2159 2.6994970105580185 6.8490052976250526 23.394337165265739 62 60 58 0.86054327023109056 19 488 20 226 21 198
2160 2.8417461876031052 7.0312006586912483 23.557870503095234 17 17 17 0.72151057038515609 19 675 20 227 22 208 21 200
2161 2.8762125727237704 7.0456375017768611 23.333071972262729 88 87 91 1.7400910313272486 19 490 20 229 12 182 21 201 17 260 13 78
2162 2.8168046232575041 7.043353407273397 23.268881710675835 12 11 14 0.15097892417319567 19 676 20 230
2172 3.2317197279375884 1.8218626521046728 23.193010207449053 35 20 29 0.6921889897807485 18 740 19 651 20 328 12 720 24 706
2173 2.7849276871062152 7.723408640619561 23.060122125819802 49 49 49 0.7615538949527606 18 783 20 360 17 639
2174 3.5360539657447814 7.6008817516013609 22.051976297988286 21 9 15 0.67901043136061789 19 682 20 364 12 588 22 343
2190 2.989611675884174 6.1074920894383844 24.379012186768882 92 82 78 1.1324471162491649 19 850 20 497 12 756
2191 2.7238898932779274 7.5852684194324649 23.491747184940184 30 25 20 1.2842690819807063 18 912 20 501 12 761 11 571 17 638 21 204
2192 3.69457440083178 7.8528933383286406 21.519391012745732 33 23 26 0.61729095966314695 18 788 20 512 12 777
2204 2.9555218469095763 -5.603321697354982 22.569805492432273 145 86 103 0.42056465739107718 19 924 20 570 12 866 23 826 17 458
2207 3.2523560378765337 0.45769530231324629 22.906639300246567 11 25 45 0.43952864720701013 19 1091 20 600 23 1062
2208 3.2131600662822501 3.7939395801403757 23.016529616927482 18 24 37 0.98345725530835804 19 983 20 610 17 501
2209 2.9619961166168607 6.4026674548806843 24.530176298547516 142 146 149 1.3537381694229282 19 1001 20 629 21 414
2211 2.8569501434560851 8.7010706267356159 21.489117150341528 101 92 81 0.67142754091481471 19 861 20 647 12 944 21 418 4 733
2227 3.1733151017729937 -4.3877763291609453 22.701028128893331 0 91 211 0.78924218765047238 19 1077 20 708 12 1000 8 2308 7 2056 17 689
2230 3.2182605562366664 2.8030394300405801 23.197864948504112 36 21 30 0.44482889554295435 18 991 20 730 17 706 22 681 24 897
2255 3.2158101196710427 -6.4129908340865542 22.54452690411436 83 100 128 0.65327843460518098 19 1159 20 835 22 1005 21 740
2262 3.2010554724412912 2.7783655688604241 23.184945347137521 22 23 30 0.43995861672763459 18 1107 20 885 17 822
2398 4.0196989258430236 -0.33213939307857687 23.096594342633249 32 33 42 0.94275371314209977 19 1621 20 1267 23 2217
2512 2.0636941937636801 4.0335753856054044 18.128190325728127 15 25 30 1.7105222759317287 19 844 20 495
2516 3.7121835871419404 2.8291446920901087 23.213999458729809 80 124 188 0.38086957527938781 10 372 11 778 12 357
2517 2.8523187091316151 6.9460274553565409 23.415349365505733 94 91 97 0.50267228905204242 11 570 12 394 4 173 5 232 3 176
2518 3.1737765331992125 -4.5254176541901758 22.693349898287021 0 92 213 0.88852593819943593 8 1082 20 166 12 500
2523 3.5850150093146578 0.92596530578257408 23.122819195235657 99 175 255 0.21875178724531494 20 471 12 717 21 395
2524 3.5605859579935455 3.7554711983263527 23.296729532824283 30 70 101 0.37748733701470916 10 1498 12 733 18 758 17 500
2525 3.8546198610843789 5.6085090134899529 24.376375343332288 0 19 47 1.0792655014656554 10 1522 12 752
2526 2.8445727294146423 6.7247779814610329 23.47477631918526 66 59 56 0.56016563471850789 11 1056 12 759 13 419
2528 3.358688681838514 4.8332846437852846 21.573156547039179 159 188 228 2.2110088017835414 10 1735 12 924
2529 4.1594779933034314 7.2869693417621582 22.694258641667219 22 14 19 1.0700268211288857 20 636 12 938
2530 3.2743280439492386 -0.079234092418701066 23.030897300159403 169 96 84 0.40847251101025933 20 729 12 1022 24 892
2553 -5.3214595190018095 7.0658228689143234 18.522193508611164 29 30 39 2.0225405970442139 20 1674 12 1911
2554 -5.3214595190018095 7.0658228689143234 18.522193508611164 29 30 39 2.0225405970442139 20 1675 12 1912
2558 3.5710449125315415 3.8524889777434228 23.237061440058774 161 200 252 0.61817472403197904 8 1922 9 1808 12 735 18 760 19 838 20 489 21 403
2559 3.5325816584058471 -1.4199366447840756 22.884598424246647 88 175 255 0.60992461311251511 6 743 8 374 12 70 11 493 18 152 19 154 23 166 17 72
2560 3.5816669938014778 -2.2911279209911313 22.941259653669899 72 116 153 0.28175799684303654 10 817 18 387 12 324 17 214
2561 3.5815466663677777 2.8621836296163892 23.203115187542576 104 166 235 0.99106834874000704 10 3020 6 2603 7 2996 9 3258 8 3283 11 2307 5 2283 12 1848 18 1638 19 1781 20 1598 23 2689 22 2020 24 2046
2562 3.3875618715201794 -0.14841828663771078 22.946673474557706 121 109 124 0.30537112841888936 10 1475 20 598 10 1230 11 765 12 711
2563 4.1938354324257814 6.5624740810200537 23.353089053757913 56 46 45 0.42015207278231276 6 1620 8 2159 9 1840 5 1205 12 933 18 911 20 632
2564 3.7770092544367717 4.0555953196565451 23.283615892589506 115 158 198 0.28573322787359567 10 1260 6 1458 8 1627 9 1509 11 793 5 1187 12 563 11 1048 20 491 17 372 24 564 23 712
2565 3.5983052239221056 0.62126204634315152 23.091552934565971 0 108 209 0.42149331198684298 11 766 19 645 12 715 19 823 20 468 17 483
2572 2.2246899900058659 3.9496289014943815 17.477504004938467 158 179 215 1.4088577088357912 20 623 12 919
2578 3.1625612896730102 -2.3441354184399614 22.827052649878759 48 124 94 0.7291695616966094 19 945 23 677 17 593
2643 6.4768712719463748 -22.99835825967245 122.10791794885824 145 123 117 0.98885275786041948 19 1344 23 1849 18 1230
2666 6.6006119646842949 -21.634048785370648 122.80500986570091 62 68 72 0.73993199968291834 19 1606 23 2164 18 1350 22 1524 20 1378 11 2131 24 1670 12 1657 21 1251 13 1112
2697 4.0784851210292077 6.7596465937607997 23.338888796265209 6 4 2 2.2749517723832566 7 2877 23 2436
2716 3.518072785390491 1.8282737430649176 23.273429641475317 168 179 203 0.80555334140958423 7 2995 23 2635 8 3282
2721 3.4534989800928737 -4.7990652017092774 22.65948431901548 73 175 255 0.24160142243031207 6 141 7 209 8 267 23 84 10 157 9 203 11 100 19 91 18 93 17 39
2722 3.3457952416693937 -4.7454931971111955 22.640587436969462 80 120 214 1.2435878742725781 10 161 6 701 7 918 8 1059 9 1039 11 449 19 104 20 40 12 301 23 90 19 396 20 39 17 41 17 185
2723 3.4148489015905525 -6.459200736728187 22.520288251688264 129 152 182 0.35023016376147847 7 1368 10 1175 8 1549 9 1438 23 358 19 568 20 283
2724 2.9563802958734944 -5.6101281062838808 22.580751012084658 144 91 106 0.31723483816006132 10 1688 6 1564 7 1856 8 2108 9 2005 23 827 11 1160 18 843 19 925
2725 3.4585806053582395 2.8042988121680112 23.180243541265831 138 200 255 0.32014931419463444 10 1491 6 1598 7 1704 8 1912 9 1800 11 1037 5 1337 12 725 23 891 18 875 19 968 17 491 24 718
2726 3.4589142526806689 3.9690681947100965 23.250390721996997 174 206 250 0.49544647339582937 6 832 7 1044 8 1167 10 894 9 515 11 548 5 601 12 156 23 501 18 597 19 468 20 341 17 247 24 166 22 98
2727 3.1212329951828321 -5.7360066728877008 22.534791906491783 96 127 181 0.69775550150337262 6 1562 7 2034 8 2296 23 1224 19 1166 20 844
2728 3.9037867539207518 2.5876927308943038 23.220894224188608 133 163 217 0.42092796313371289 7 1702 10 1714 11 1034 12 898 23 885 18 870 19 961
2729 3.6881969363026803 -1.6262675894344822 22.910369701337032 0 52 129 0.50808928172459011 6 1579 7 1881 9 2027 23 861 18 861 19 949 20 593 22 481
2741 3.7064949677390979 0.62421783285960297 23.0361085408687 0 122 233 0.24901854313077498 18 575 17 224 22 181
2742 4.8865618526673673 5.5399542092608156 26.716103805381128 5 10 29 0.6108811925232811 19 471 17 250
2743 3.7425196374089729 5.282003735227697 23.766072872792545 15 32 60 1.1350605509821066 18 429 17 251 22 204
2744 2.8110301469940726 6.499415574820814 23.66647001223274 69 62 59 2.0906872605732465 19 484 17 255
2745 2.8512078853253819 6.9666961823856077 23.424128964077951 70 70 70 0.40769982718849518 18 608 17 257 22 209 24 370
2746 2.8585671931698498 6.9730574720405256 23.451288984001529 70 70 70 0.23730021622004335 18 607 17 258 22 210
2752 3.6825694313486523 3.1034615959303204 23.182549008170476 78 115 168 0.1786797247940406 19 657 17 366 21 184 20 218
2753 2.7820193966539177 6.6300811476107766 24.001618407771975 64 63 66 0.1992253807401515 19 485 17 380
2754 2.800766934120869 7.5486907264698626 23.299792447118218 19 17 18 0.1378286496664369 18 440 17 388
2767 2.6977053648176033 7.3090437926309777 23.585937646680122 58 48 42 0.749986827124554 18 779 17 636 13 420
2774 2.9742993221334331 6.1809979181229657 24.625062907797769 77 75 76 0.96854911358503704 18 774 17 721
2807 2.8534122391521657 5.9222971417406542 24.044939863207873 172 145 115 1.4837212601845848 18 1007 17 971 13 589
2870 -5.8621853500280299 8.0385539545301548 21.438557470892377 27 26 33 1.3874439534904262 18 1687 19 1841
2871 -5.7865689833748224 7.8451636964317286 20.912456957852811 27 26 33 1.5540537546945992 18 1688 19 1842 17 1390
2872 3.1177423741757853 -6.3793690196386397 22.510900592327978 22 39 59 0.3876132402585501 6 106 8 162 9 119 17 25 19 42 23 45
2873 3.1417692625792588 -6.3479248470127869 22.519902342158282 141 157 169 0.17929929579439655 6 111 7 147 8 178 9 130 17 27 10 747 18 54 19 47
2874 3.5777986361671141 -2.2429776363976526 22.85304005034282 49 116 104 0.35563023932992921 6 190 7 964 8 349 9 288 23 152 17 63 18 388 19 150
2875 3.3697017564928022 -1.2631819381431535 22.918410464963038 44 107 196 0.23122354297709369 6 226 7 325 8 385 9 332 11 152 17 80
2877 3.439944262586589 -4.5162231775249193 22.698294566357131 109 168 253 0.41392864881823876 6 706 7 237 8 304 9 233 11 111 17 190 18 368 19 408
2879 3.380009377294412 -4.3396014245192047 22.635761562643413 0 80 202 2.0669179267002065 10 190 18 127 8 311 9 246 11 460 17 52 18 128 19 136 23 110
2883 3.1860946943847894 1.8081918712961076 22.951826803274333 29 8 19 0.56198438729905043 23 703 22 329 24 550 21 288
2884 3.4527052733430312 3.0580245760111016 23.18407893524272 101 136 192 0.27518752008856567 20 333 22 331 21 290
2890 -6.6971289388745561 -4.7072243998889611 16.983369174469907 87 93 99 1.1683638756947217 23 378 22 444 24 36
2891 -5.4203299695657901 -4.1038160117068161 15.785499280642782 66 81 87 0.54764041696533994 23 833 22 455 24 887
2892 -5.3703656132492856 -4.0407677488675642 15.663811779517825 135 150 159 0.4818016975597525 23 836 22 456 24 888
2893 3.2842816456665109 -2.5438296225928947 22.848883715926409 182 52 57 0.24631745682903103 20 585 22 477 21 479
2894 3.5155482585798739 -2.1828791806716201 22.820455277001638 29 124 82 0.31403081405435057 20 450 22 480 21 277
2895 3.010882840643883 -1.4976261474005657 22.947368659372774 41 41 51 0.83031003713240681 20 451 22 482 24 533 21 377
2896 3.5336811501304863 0.55832693775683595 23.056753938145018 89 165 255 0.69585740480459568 20 465 22 491 21 487
2906 -6.8285526044792588 -4.8482380567688681 16.209932985544551 188 197 200 1.1254355791106463 23 1034 22 640 24 882
2907 3.1150830721052736 -4.7263810328456417 22.656841901465675 20 41 57 0.50722254957521473 20 707 23 1039 22 644 21 598 17 687
2908 -4.8625404133765064 -4.3856377917493647 16.344377911563928 22 32 37 0.535010611890406 23 1237 22 646 24 1245
2909 -5.5837713619235929 -4.1317739983971036 16.157609948369718 139 151 157 0.48702451700731286 23 1046 22 652 24 1016
2910 -5.0674328920088572 -3.6649849381143347 14.717325661851154 121 128 134 0.12977598746523436 23 1242 22 658 24 1018
2912 3.7701672278971228 7.5427939752784114 22.044958510326193 46 26 22 1.2334383746991204 20 641 23 1069 22 711 24 913
2913 3.7433162793963102 7.4966107242120392 21.789224706827401 72 53 51 0.23720356848474952 23 938 22 714 24 760
2939 3.2949392574891405 -4.7944562098678993 22.555823675088231 11 40 72 0.7318676563095462 23 1038 22 818 21 596
2940 2.7644749314313981 6.6184430881117846 23.787280206664356 28 17 11 0.42805004807175528 23 1270 22 851 24 1035
2941 3.5303063316533314 7.4371163965134652 22.421446038147579 41 30 26 0.62553162630195602 20 639 22 852 24 1040
3003 -4.9151213976104717 -3.9161671042400021 14.868606724461074 19 23 30 0.57439134777038758 23 1559 22 1021 24 1247
3004 -6.6468982860767172 -3.6081021874758066 14.875777976517837 44 46 53 0.27674037687624115 23 1563 22 1022 24 1248
3113 -4.285989718877727 -20.532704926388604 118.79245203038175 123 135 148 1.0885823170737388 20 1045 23 1496 22 1243 12 1540 19 1348 24 1458
3129 -6.8026387079931085 -4.6029193496554779 15.215710454914102 34 35 44 0.25015844873772958 23 1554 22 1281 24 1516
3352 -4.7828968820777193 -3.022007484254575 14.699053765350044 43 44 49 1.2765049672719326 23 2430 22 1766 24 1984 21 1443
3418 -5.8887159485102289 -4.0187736440586246 16.989495658104129 78 82 90 1.2632642624434982 23 2549 22 1898 21 1536
3445 -6.6535589628228129 -4.2674115206696701 16.457909335787832 19 27 37 1.4861078598618764 23 2624 22 1959 24 2041
3472 -3.7310741780045471 -3.344925208884538 15.793958929698203 179 146 108 1.7596026767372106 23 2750 24 2135
3480 -4.5610355691553135 -3.6095076669599107 15.010383900283863 21 24 35 0.22875935699030314 23 2749 22 2077 24 2134
3481 -4.1056132256237987 -1.2701760789568284 16.467035795584962 26 30 38 1.9451705990887891 22 2079 21 1698 23 2727
3495 3.2721548835740313 3.9903893509221766 23.279760889155309 27 22 34 1.9653248755070694 6 1604 10 1503 8 1926 22 511 18 889 17 618
3498 5.5150299567103476 -22.039442481514691 125.52291951392621 101 161 255 1.1127599478458834 18 1234 20 1043 22 1242 19 1346 11 1827 24 1457 23 1495 12 1177 21 743 13 879
3499 7.86566364783907 -21.25202609705304 122.11780173870886 170 171 208 0.89235978138938621 18 1352 22 1525 19 1478 24 1672 21 1007 13 880 11 1828 12 1389 19 1347
3504 3.7229888336919599 7.565913539472704 21.90906690786645 71 56 48 0.03723092795091057 20 97 23 531 24 187
3511 3.3407695072784263 7.4061509722089989 22.391737220019152 17 12 14 1.2726697482819387 10 1997 6 1781 8 2592 9 2268 9 2529 11 1404 5 1525 19 1009 18 913 12 1048 24 1039 23 1574 22 1034 4 1155 20 638
3514 3.613142285627188 2.7213827345028125 23.220721277386257 171 191 231 0.44565932132381664 23 887 24 713
3516 3.2095860854900824 -6.4122770989783771 22.530902128429062 106 120 159 0.7354128278638663 17 772 20 836 23 1221 21 741
3517 -48.751674408697525 -18.289958537732659 117.68240121679493 157 148 130 1.5301419215659795 20 1238 22 1247 23 1501 21 1026 18 1546 19 1612 12 1663 13 1186 17 1234
3518 3.2670257101494036 -3.7518158727217314 22.737725103437977 135 174 234 0.19477878147856206 17 943 22 1289 21 1058
3519 3.2603363984253222 -3.7476726505778233 22.706743379268094 135 174 234 0.13618869535343217 20 1042 23 1561 21 1059
3521 6.5791603850924725 -21.566951405414294 122.46108658975623 70 74 97 0.64745994440876597 19 1605 20 1379 23 2163 21 1250 12 1656 11 2132 18 1351 13 1113
3522 -55.543414912125797 -15.077101851668157 118.53421561227988 71 73 68 0.61586699767440722 20 1254 22 1538 23 1873 21 1269 24 1683 18 1362 19 1489 12 1554 13 1028 17 1079
3523 -55.54341491212579 -15.077101851668157 118.53421561227987 71 73 68 0.61586699767443687 20 1253 22 1539 23 1874 21 1270 24 1684 18 1361 19 1488 12 1553 17 1080 13 1029
3524 -54.29511507019938 -16.776409091472377 115.81752599511066 163 156 151 1.4082246400257998 19 1614 20 1387 22 1534 23 2167 21 1434 24 1678 12 1665
3531 3.595356173002958 0.6253360489781169 23.077701184477021 0 114 227 0.4544225253068116 6 1432 7 1693 8 1607 9 1493 5 1161 12 534 17 482 18 733 19 822 23 696 21 284 20 469 12 714
3532 3.2300178421518719 2.8407900943287157 23.198407840784732 19 20 30 0.6731199700408258 6 1597 5 1336 21 397 11 1201 19 970 20 605 13 493
3533 3.3511250999430855 3.1604373934509153 23.202379202755942 111 155 227 0.63205995453949404 8 2586 9 2524 11 1381 5 1885 12 1029 17 825 21 787 20 886 22 1031
3534 3.3010573880034584 -4.6934909401882647 22.686899706336291 3 59 152 0.66500482419645368 20 302 22 289 21 154 10 168 18 106 6 703 7 219 8 280 9 218 11 450 19 110 12 303 23 94 17 43
3537 3.5158336678912527 4.0293106559772918 23.258813165366607 163 191 247 1.952885356270238 7 2082 11 1387 5 1511 12 1034 20 738 21 503 10 1506 9 1816 18 763 5 1186 19 841 20 490 23 709 17 505 22 512
3542 -3.9807547655287023 -2.8378085961859751 16.012351393939269 81 73 48 1.1196737350438928 5 540 4 128 3 419 1 556 2 379
3543 2.8957238577382758 8.717765006870609 21.44735617399613 16 14 7 0.29150327079818589 5 295 4 214 3 227 1 379
3544 2.8964485085387599 8.7521247174031185 21.394610825374677 20 16 9 0.49852709275661355 5 297 4 215 3 465 1 190 2 201
3546 -3.6694722076943282 9.174023754721464 21.295403020723711 99 93 84 0.73280909657145665 5 642 4 447 3 721 1 375 2 194
3548 -4.6964584365068429 -3.7639815616307937 14.602213520137513 76 94 99 0.9454352750641184 5 1128 4 863 1 718 2 785
3550 -4.0088297706795517 -2.8238773589708965 15.921227297068336 115 135 150 0.5780067384865728 5 1486 4 1133 3 1233 1 974 2 1033
3554 3.1547031841504296 5.8544282894389328 23.30106202296254 50 51 59 0.81869779257730546 6 844 5 222 4 424 7 495 10 910 11 561 12 380
3555 3.1547031841504296 5.8544282894389328 23.30106202296254 50 51 59 0.81869779257730546 6 843 5 221 4 423 7 496 10 911 11 562 12 381
3560 -4.5448095972916862 0.07454485663046756 9.2762097224790114 0 0 0 0.6837334903443425 5 1683 6 2181
3565 2.7917436192437077 6.5082219466698179 23.58050904697059 4 3 3 0.69086386221810125 5 225 3 171 1 153
3566 -3.5858800304432514 7.6873391649629381 20.341005170722696 86 83 80 0.73445895865465527 7 1063 3 180 8 1195
3573 -7.5461987464538804 -2.8845959872544245 14.944385666271625 24 30 35 0.63808830421009233 4 400 3 679 2 634
3575 -7.4014036353161625 -3.2998603080102029 14.81291040736672 128 147 148 0.29853877530811834 5 1312 3 858 2 797
3576 -3.9703058246959748 -3.8146415166297816 15.668309821768702 23 44 56 1.0843149381377819 4 870 3 963 1 722 5 1309 4 1112 2 911
3578 -5.088708923487717 -4.4562382529061013 17.691840171243239 8 35 55 0.44696180246609274 11 2321 3 1813
3580 2.9351494589426705 8.7736077719603536 21.257878041222796 71 71 70 0.48333343465406092 5 298 12 244 4 216 3 228 18 251 19 297
3581 2.7828323910286037 6.6516829804549609 23.817229513832778 22 15 13 0.71484197544598016 7 1055 8 1185 9 1511 5 1204 4 1021 11 1401 18 1112 19 1206 20 1081 12 1206 17 827 1 869 3 989 13 727
3582 2.7731746645031325 7.2501524222819977 23.162308684780882 76 70 67 0.83963591000548032 7 518 5 969 4 908 3 891 10 1529 11 1227 19 1108 20 635 12 936 1 747 2 826 13 591
3584 -5.8815067358880189 0.35346144745688823 9.5389222713326518 128 179 214 0.098636996401893301 5 551 1 574
3585 -3.7154448334342902 -2.7657373133361411 15.568755545095724 87 71 39 0.37532396582258132 5 1320 1 973 4 1131
3592 -3.4590919882753539 7.7769859475951746 20.096598032270883 98 87 81 0.35571696483946974 1 158 4 431 2 172
3593 -6.7444902689326529 9.0943627485912835 18.703698128678099 52 50 46 0.3819459499633987 4 449 2 196
3594 -6.2240172461551637 9.3967699291898104 18.561351567802596 51 42 34 1.264241796029719 3 223 4 212 2 200
3595 2.9736810372805138 9.4445729442527497 20.912283385199483 113 105 96 1.2107396515480735 1 197 3 233 4 219 2 205
3597 -3.6400184358926033 7.9437319186038335 19.697282281231995 73 68 67 0.38517242748898983 1 369 3 193 4 436 2 406
3599 -6.4874952887534141 9.3157966628486157 18.609048341800868 104 95 85 1.4299338496365117 1 589 4 207 2 416 3 215
3600 2.8578911796136484 8.4934060898426029 22.282271669478778 23 22 21 0.35777293176912894 1 185 3 219 4 451 10 537 2 417
3602 -2.0018448236732387 -3.5036052901849088 14.413758157337766 74 106 113 0.18587899867326271 3 856 4 867 2 790
3603 -3.6776291901714728 8.1742682641341009 19.679285158462978 66 62 59 0.74805219617383345 1 750 10 1753 2 828
3606 -6.2770404374698954 -3.6245761012027593 15.438990114572482 54 69 75 0.53085485380317443 1 1515 4 1797 2 1591
3608 -8.8999125456094283 6.2963572935403187 18.624499172872738 0 0 0 0.77338024630058921 3 1852 10 3082
3609 -4.1737800712771147 -3.0575811328373534 16.587912429352986 8 12 16 1.5792230975007675 1 731 3 866 4 1499 2 1194 6 1944 11 1818 5 1856
3610 -13.329541786298371 5.5041866277966589 18.637887324268313 91 78 61 1.6122874594759879 3 1854 4 1933 2 1789
3614 -51.350931500171214 -25.192285856892862 118.05258991637187 0 0 0 1.4479483211412865 19 1602 21 1244 22 1235 18 1540 20 1375 12 1649
3616 2.9363853782935005 6.4314456218135021 24.238608739161023 118 118 115 0.072498136830086601 17 378 13 67
3618 2.8946083797254456 6.8366220407152474 23.583355574453268 12 8 12 0.051364422271833257 12 391 13 206
3620 2.7826443741212876 6.5941845839421349 23.976005489950857 72 72 72 1.3918721894126187 12 173 13 302
3621 2.7644882806713453 6.8847775133834208 23.483512391778046 8 5 9 1.6247162322540578 12 392 13 303
3622 2.7218479966335805 7.6921691943537223 23.64327732951795 108 99 89 0.61276160078287312 12 584 13 422
3623 7.7322552389954371 -20.380163450055285 122.11714420603788 136 157 173 0.87231983778939204 12 878 21 587 13 485 23 1018 11 990
3624 2.769682898235406 7.2546148507528709 23.160616071769326 52 52 49 0.1324333354543869 12 937 13 592
3635 3.1150070520911664 3.1039431542051816 23.184879815475064 43 45 58 0.50333028238648037 6 1191 7 1443 5 949 13 405 18 753 19 837 17 495
3636 2.8516882896164253 6.4513054536978647 24.517229322265138 66 64 55 0.95466363600915605 20 749 12 1044 13 726 18 1111 19 1205 20 892 17 972 21 629 23 1064 22 705 24 906
3641 -15.069697421960988 -15.513908638179569 34.273897640054876 0 0 0 0.18541365748942021 5 2 13 130
3642 4.4885833359066076 7.4682437640127119 27.90357873109707 0 0 0 3.8218340227817142 5 616 13 70
